analog_id,display_name,role,priority,edited_region,state_id,top_mode_rank,top_score_kcal_mol,top_rmsd_to_wt_bound_reference,top_shared_contact_count,top_reference_contact_recovery,top_shared_contacts,top_mutation_contacts,top_pose_pdb,best_recovery_mode_rank,best_recovery_score_kcal_mol,best_recovery_rmsd_to_wt_bound_reference,best_recovery_shared_contact_count,best_recovery_reference_contact_recovery,best_recovery_shared_contacts,best_recovery_mutation_contacts,best_recovery_pose_pdb,best_rmsd_mode_rank,best_rmsd_score_kcal_mol,best_rmsd_to_wt_bound_reference,best_rmsd_shared_contact_count,best_rmsd_reference_contact_recovery,best_rmsd_shared_contacts,best_rmsd_mutation_contacts,best_rmsd_pose_pdb,dock_log,dock_sdf,hypothesis,expected_effect
vamifeport,P0 Parent vamifeport,reference,1,none,WT,1,-7.713,1.97633494004969,4,0.5,A:318:TYR;A:466:ARG;A:469:LEU;A:473:ASP,,results/docking/analog_panel/vamifeport/WT/top_pose.pdb,7,-7.625,2.598960325223145,8,1.0,A:318:TYR;A:320:THR;A:466:ARG;A:469:LEU;A:473:ASP;A:501:TYR;A:504:ASP;A:508:PHE,A:64:TYR,results/docking/analog_panel/vamifeport/WT/best_recovery_pose.pdb,3,-7.695,1.7711914071938415,5,0.625,A:318:TYR;A:320:THR;A:501:TYR;A:504:ASP;A:508:PHE,A:64:TYR,results/docking/analog_panel/vamifeport/WT/best_rmsd_pose.pdb,results/docking/analog_panel/vamifeport/WT/vamifeport_WT_dock.log,results/docking/analog_panel/vamifeport/WT/vamifeport_WT_dock_out.sdf,Benchmark reference scaffold,Expected to reproduce the validated parent behavior across WT and mutants
vamifeport,P0 Parent vamifeport,reference,1,none,C326Y,1,-7.326,3.2867011076781667,1,0.125,A:508:PHE,A:64:TYR;A:326:TYR,results/docking/analog_panel/vamifeport/C326Y/top_pose.pdb,6,-6.887,2.17197930126075,7,0.875,A:318:TYR;A:466:ARG;A:469:LEU;A:473:ASP;A:501:TYR;A:504:ASP;A:508:PHE,A:64:TYR,results/docking/analog_panel/vamifeport/C326Y/best_recovery_pose.pdb,19,-6.503,1.606998799852877,4,0.5,A:318:TYR;A:320:THR;A:504:ASP;A:508:PHE,A:64:TYR;A:326:TYR,results/docking/analog_panel/vamifeport/C326Y/best_rmsd_pose.pdb,results/docking/analog_panel/vamifeport/C326Y/vamifeport_C326Y_dock.log,results/docking/analog_panel/vamifeport/C326Y/vamifeport_C326Y_dock_out.sdf,Benchmark reference scaffold,Expected to reproduce the validated parent behavior across WT and mutants
vamifeport,P0 Parent vamifeport,reference,1,none,Y64N,1,-6.663,3.0073985616267604,5,0.625,A:318:TYR;A:320:THR;A:469:LEU;A:473:ASP;A:504:ASP,,results/docking/analog_panel/vamifeport/Y64N/top_pose.pdb,10,-6.156,2.4828845175854415,8,1.0,A:318:TYR;A:320:THR;A:466:ARG;A:469:LEU;A:473:ASP;A:501:TYR;A:504:ASP;A:508:PHE,,results/docking/analog_panel/vamifeport/Y64N/best_recovery_pose.pdb,16,-6.043,1.5581609172153819,7,0.875,A:318:TYR;A:320:THR;A:469:LEU;A:473:ASP;A:501:TYR;A:504:ASP;A:508:PHE,A:64:ASN,results/docking/analog_panel/vamifeport/Y64N/best_rmsd_pose.pdb,results/docking/analog_panel/vamifeport/Y64N/vamifeport_Y64N_dock.log,results/docking/analog_panel/vamifeport/Y64N/vamifeport_Y64N_dock_out.sdf,Benchmark reference scaffold,Expected to reproduce the validated parent behavior across WT and mutants
H1_desfluoro,H1 Des-fluoro headgroup,candidate,2,headgroup,WT,1,-6.627,3.129694502982073,6,0.75,A:318:TYR;A:320:THR;A:466:ARG;A:469:LEU;A:473:ASP;A:504:ASP,,results/docking/analog_panel/H1_desfluoro/WT/top_pose.pdb,16,-6.075,1.959789171398799,8,1.0,A:318:TYR;A:320:THR;A:466:ARG;A:469:LEU;A:473:ASP;A:501:TYR;A:504:ASP;A:508:PHE,A:64:TYR,results/docking/analog_panel/H1_desfluoro/WT/best_recovery_pose.pdb,16,-6.075,1.959789171398799,8,1.0,A:318:TYR;A:320:THR;A:466:ARG;A:469:LEU;A:473:ASP;A:501:TYR;A:504:ASP;A:508:PHE,A:64:TYR,results/docking/analog_panel/H1_desfluoro/WT/best_rmsd_pose.pdb,results/docking/analog_panel/H1_desfluoro/WT/H1_desfluoro_WT_dock.log,results/docking/analog_panel/H1_desfluoro/WT/H1_desfluoro_WT_dock_out.sdf,Tests whether the headgroup fluorine is a hard binding requirement,May relax headgroup electronics and reduce lipophilicity with minimal shape change
H1_desfluoro,H1 Des-fluoro headgroup,candidate,2,headgroup,C326Y,1,-7.141,3.2682594725419105,1,0.125,A:508:PHE,A:64:TYR;A:326:TYR,results/docking/analog_panel/H1_desfluoro/C326Y/top_pose.pdb,5,-6.968,2.676345274056343,8,1.0,A:318:TYR;A:320:THR;A:466:ARG;A:469:LEU;A:473:ASP;A:501:TYR;A:504:ASP;A:508:PHE,A:64:TYR,results/docking/analog_panel/H1_desfluoro/C326Y/best_recovery_pose.pdb,19,-6.434,2.2496071837434526,6,0.75,A:318:TYR;A:466:ARG;A:469:LEU;A:501:TYR;A:504:ASP;A:508:PHE,A:64:TYR,results/docking/analog_panel/H1_desfluoro/C326Y/best_rmsd_pose.pdb,results/docking/analog_panel/H1_desfluoro/C326Y/H1_desfluoro_C326Y_dock.log,results/docking/analog_panel/H1_desfluoro/C326Y/H1_desfluoro_C326Y_dock_out.sdf,Tests whether the headgroup fluorine is a hard binding requirement,May relax headgroup electronics and reduce lipophilicity with minimal shape change
H1_desfluoro,H1 Des-fluoro headgroup,candidate,2,headgroup,Y64N,1,-7.646,2.860816853809614,8,1.0,A:318:TYR;A:320:THR;A:466:ARG;A:469:LEU;A:473:ASP;A:501:TYR;A:504:ASP;A:508:PHE,A:64:ASN,results/docking/analog_panel/H1_desfluoro/Y64N/top_pose.pdb,1,-7.646,2.860816853809614,8,1.0,A:318:TYR;A:320:THR;A:466:ARG;A:469:LEU;A:473:ASP;A:501:TYR;A:504:ASP;A:508:PHE,A:64:ASN,results/docking/analog_panel/H1_desfluoro/Y64N/best_recovery_pose.pdb,5,-7.187,1.9381521123036325,7,0.875,A:318:TYR;A:320:THR;A:469:LEU;A:473:ASP;A:501:TYR;A:504:ASP;A:508:PHE,A:64:ASN,results/docking/analog_panel/H1_desfluoro/Y64N/best_rmsd_pose.pdb,results/docking/analog_panel/H1_desfluoro/Y64N/H1_desfluoro_Y64N_dock.log,results/docking/analog_panel/H1_desfluoro/Y64N/H1_desfluoro_Y64N_dock_out.sdf,Tests whether the headgroup fluorine is a hard binding requirement,May relax headgroup electronics and reduce lipophilicity with minimal shape change
H2_pyrimidyl,H2 Aza-aryl headgroup,candidate,3,headgroup,WT,1,-6.77,2.631594334562536,5,0.625,A:318:TYR;A:320:THR;A:466:ARG;A:469:LEU;A:504:ASP,,results/docking/analog_panel/H2_pyrimidyl/WT/top_pose.pdb,4,-6.632,2.8368109338980783,8,1.0,A:318:TYR;A:320:THR;A:466:ARG;A:469:LEU;A:473:ASP;A:501:TYR;A:504:ASP;A:508:PHE,A:64:TYR,results/docking/analog_panel/H2_pyrimidyl/WT/best_recovery_pose.pdb,10,-6.513,1.6297806129533798,3,0.375,A:318:TYR;A:466:ARG;A:469:LEU,,results/docking/analog_panel/H2_pyrimidyl/WT/best_rmsd_pose.pdb,results/docking/analog_panel/H2_pyrimidyl/WT/H2_pyrimidyl_WT_dock.log,results/docking/analog_panel/H2_pyrimidyl/WT/H2_pyrimidyl_WT_dock_out.sdf,Adds one ring nitrogen in the headgroup as a polar bioisostere,May improve accommodation in rewired or more polar mutant environments
H2_pyrimidyl,H2 Aza-aryl headgroup,candidate,3,headgroup,C326Y,1,-7.784,2.1608783901123614,5,0.625,A:318:TYR;A:320:THR;A:466:ARG;A:469:LEU;A:473:ASP,A:326:TYR,results/docking/analog_panel/H2_pyrimidyl/C326Y/top_pose.pdb,9,-7.417,2.107836420756799,7,0.875,A:318:TYR;A:320:THR;A:469:LEU;A:473:ASP;A:501:TYR;A:504:ASP;A:508:PHE,A:64:TYR;A:326:TYR,results/docking/analog_panel/H2_pyrimidyl/C326Y/best_recovery_pose.pdb,3,-7.537,1.6491256565358592,3,0.375,A:320:THR;A:504:ASP;A:508:PHE,A:64:TYR;A:326:TYR,results/docking/analog_panel/H2_pyrimidyl/C326Y/best_rmsd_pose.pdb,results/docking/analog_panel/H2_pyrimidyl/C326Y/H2_pyrimidyl_C326Y_dock.log,results/docking/analog_panel/H2_pyrimidyl/C326Y/H2_pyrimidyl_C326Y_dock_out.sdf,Adds one ring nitrogen in the headgroup as a polar bioisostere,May improve accommodation in rewired or more polar mutant environments
H2_pyrimidyl,H2 Aza-aryl headgroup,candidate,3,headgroup,Y64N,1,-7.305,2.8415456875298712,8,1.0,A:318:TYR;A:320:THR;A:466:ARG;A:469:LEU;A:473:ASP;A:501:TYR;A:504:ASP;A:508:PHE,A:64:ASN,results/docking/analog_panel/H2_pyrimidyl/Y64N/top_pose.pdb,1,-7.305,2.8415456875298712,8,1.0,A:318:TYR;A:320:THR;A:466:ARG;A:469:LEU;A:473:ASP;A:501:TYR;A:504:ASP;A:508:PHE,A:64:ASN,results/docking/analog_panel/H2_pyrimidyl/Y64N/best_recovery_pose.pdb,14,-6.705,1.3750827674072243,4,0.5,A:318:TYR;A:466:ARG;A:469:LEU;A:473:ASP,,results/docking/analog_panel/H2_pyrimidyl/Y64N/best_rmsd_pose.pdb,results/docking/analog_panel/H2_pyrimidyl/Y64N/H2_pyrimidyl_Y64N_dock.log,results/docking/analog_panel/H2_pyrimidyl/Y64N/H2_pyrimidyl_Y64N_dock_out.sdf,Adds one ring nitrogen in the headgroup as a polar bioisostere,May improve accommodation in rewired or more polar mutant environments
H3_regiofluoro,H3 Fluoropyridyl regioisomer,candidate,4,headgroup,WT,1,-6.952,3.1827397869839706,6,0.75,A:318:TYR;A:320:THR;A:466:ARG;A:469:LEU;A:473:ASP;A:504:ASP,,results/docking/analog_panel/H3_regiofluoro/WT/top_pose.pdb,4,-6.814,2.4385658334421603,8,1.0,A:318:TYR;A:320:THR;A:466:ARG;A:469:LEU;A:473:ASP;A:501:TYR;A:504:ASP;A:508:PHE,A:64:TYR,results/docking/analog_panel/H3_regiofluoro/WT/best_recovery_pose.pdb,13,-6.375,1.733442568565457,7,0.875,A:318:TYR;A:466:ARG;A:469:LEU;A:473:ASP;A:501:TYR;A:504:ASP;A:508:PHE,A:64:TYR,results/docking/analog_panel/H3_regiofluoro/WT/best_rmsd_pose.pdb,results/docking/analog_panel/H3_regiofluoro/WT/H3_regiofluoro_WT_dock.log,results/docking/analog_panel/H3_regiofluoro/WT/H3_regiofluoro_WT_dock_out.sdf,Repositions the headgroup nitrogen and fluorine pattern without changing gross size,Tests whether headgroup vector geometry is tightly constrained
H3_regiofluoro,H3 Fluoropyridyl regioisomer,candidate,4,headgroup,C326Y,1,-6.886,3.5769629943282832,1,0.125,A:466:ARG,A:64:TYR;A:326:TYR,results/docking/analog_panel/H3_regiofluoro/C326Y/top_pose.pdb,3,-6.76,2.8239730747513185,8,1.0,A:318:TYR;A:320:THR;A:466:ARG;A:469:LEU;A:473:ASP;A:501:TYR;A:504:ASP;A:508:PHE,A:64:TYR,results/docking/analog_panel/H3_regiofluoro/C326Y/best_recovery_pose.pdb,12,-6.582,1.8307300578062897,4,0.5,A:318:TYR;A:466:ARG;A:469:LEU;A:504:ASP,A:326:TYR,results/docking/analog_panel/H3_regiofluoro/C326Y/best_rmsd_pose.pdb,results/docking/analog_panel/H3_regiofluoro/C326Y/H3_regiofluoro_C326Y_dock.log,results/docking/analog_panel/H3_regiofluoro/C326Y/H3_regiofluoro_C326Y_dock_out.sdf,Repositions the headgroup nitrogen and fluorine pattern without changing gross size,Tests whether headgroup vector geometry is tightly constrained
H3_regiofluoro,H3 Fluoropyridyl regioisomer,candidate,4,headgroup,Y64N,1,-7.541,2.4497476606535598,8,1.0,A:318:TYR;A:320:THR;A:466:ARG;A:469:LEU;A:473:ASP;A:501:TYR;A:504:ASP;A:508:PHE,A:64:ASN,results/docking/analog_panel/H3_regiofluoro/Y64N/top_pose.pdb,1,-7.541,2.4497476606535598,8,1.0,A:318:TYR;A:320:THR;A:466:ARG;A:469:LEU;A:473:ASP;A:501:TYR;A:504:ASP;A:508:PHE,A:64:ASN,results/docking/analog_panel/H3_regiofluoro/Y64N/best_recovery_pose.pdb,7,-7.163,1.6563010334572386,5,0.625,A:318:TYR;A:320:THR;A:466:ARG;A:469:LEU;A:473:ASP,,results/docking/analog_panel/H3_regiofluoro/Y64N/best_rmsd_pose.pdb,results/docking/analog_panel/H3_regiofluoro/Y64N/H3_regiofluoro_Y64N_dock.log,results/docking/analog_panel/H3_regiofluoro/Y64N/H3_regiofluoro_Y64N_dock_out.sdf,Repositions the headgroup nitrogen and fluorine pattern without changing gross size,Tests whether headgroup vector geometry is tightly constrained
T1_benzoxazole,T1 Benzoxazole tail,candidate,5,tail,WT,1,-7.479,2.58924512720394,8,1.0,A:318:TYR;A:320:THR;A:466:ARG;A:469:LEU;A:473:ASP;A:501:TYR;A:504:ASP;A:508:PHE,A:64:TYR,results/docking/analog_panel/T1_benzoxazole/WT/top_pose.pdb,1,-7.479,2.58924512720394,8,1.0,A:318:TYR;A:320:THR;A:466:ARG;A:469:LEU;A:473:ASP;A:501:TYR;A:504:ASP;A:508:PHE,A:64:TYR,results/docking/analog_panel/T1_benzoxazole/WT/best_recovery_pose.pdb,8,-7.038,2.184351781768834,7,0.875,A:318:TYR;A:466:ARG;A:469:LEU;A:473:ASP;A:501:TYR;A:504:ASP;A:508:PHE,A:64:TYR,results/docking/analog_panel/T1_benzoxazole/WT/best_rmsd_pose.pdb,results/docking/analog_panel/T1_benzoxazole/WT/T1_benzoxazole_WT_dock.log,results/docking/analog_panel/T1_benzoxazole/WT/T1_benzoxazole_WT_dock_out.sdf,Replaces the distal benzimidazole with an oxygen isostere and removes the donor,Tests whether distal donor removal is tolerated while preserving fused aromatic size
T1_benzoxazole,T1 Benzoxazole tail,candidate,5,tail,C326Y,1,-7.69,2.037819431381064,7,0.875,A:318:TYR;A:320:THR;A:469:LEU;A:473:ASP;A:501:TYR;A:504:ASP;A:508:PHE,A:64:TYR;A:326:TYR,results/docking/analog_panel/T1_benzoxazole/C326Y/top_pose.pdb,8,-7.401,2.715312398101141,8,1.0,A:318:TYR;A:320:THR;A:466:ARG;A:469:LEU;A:473:ASP;A:501:TYR;A:504:ASP;A:508:PHE,A:64:TYR,results/docking/analog_panel/T1_benzoxazole/C326Y/best_recovery_pose.pdb,11,-7.275,1.8952817010469531,5,0.625,A:318:TYR;A:469:LEU;A:473:ASP;A:501:TYR;A:508:PHE,A:64:TYR,results/docking/analog_panel/T1_benzoxazole/C326Y/best_rmsd_pose.pdb,results/docking/analog_panel/T1_benzoxazole/C326Y/T1_benzoxazole_C326Y_dock.log,results/docking/analog_panel/T1_benzoxazole/C326Y/T1_benzoxazole_C326Y_dock_out.sdf,Replaces the distal benzimidazole with an oxygen isostere and removes the donor,Tests whether distal donor removal is tolerated while preserving fused aromatic size
T1_benzoxazole,T1 Benzoxazole tail,candidate,5,tail,Y64N,1,-6.822,3.533082600219999,4,0.5,A:318:TYR;A:466:ARG;A:469:LEU;A:473:ASP,,results/docking/analog_panel/T1_benzoxazole/Y64N/top_pose.pdb,9,-6.321,2.1581874875099443,8,1.0,A:318:TYR;A:320:THR;A:466:ARG;A:469:LEU;A:473:ASP;A:501:TYR;A:504:ASP;A:508:PHE,A:64:ASN,results/docking/analog_panel/T1_benzoxazole/Y64N/best_recovery_pose.pdb,13,-6.23,2.1058326996934817,6,0.75,A:318:TYR;A:320:THR;A:469:LEU;A:473:ASP;A:504:ASP;A:508:PHE,A:64:ASN,results/docking/analog_panel/T1_benzoxazole/Y64N/best_rmsd_pose.pdb,results/docking/analog_panel/T1_benzoxazole/Y64N/T1_benzoxazole_Y64N_dock.log,results/docking/analog_panel/T1_benzoxazole/Y64N/T1_benzoxazole_Y64N_dock_out.sdf,Replaces the distal benzimidazole with an oxygen isostere and removes the donor,Tests whether distal donor removal is tolerated while preserving fused aromatic size
T2_benzothiazole,T2 Benzothiazole tail,candidate,6,tail,WT,1,-6.885,3.616603386028032,4,0.5,A:318:TYR;A:466:ARG;A:469:LEU;A:473:ASP,,results/docking/analog_panel/T2_benzothiazole/WT/top_pose.pdb,2,-6.746,2.6159103802550563,8,1.0,A:318:TYR;A:320:THR;A:466:ARG;A:469:LEU;A:473:ASP;A:501:TYR;A:504:ASP;A:508:PHE,A:64:TYR,results/docking/analog_panel/T2_benzothiazole/WT/best_recovery_pose.pdb,7,-6.437,2.2358025089517493,5,0.625,A:318:TYR;A:320:THR;A:466:ARG;A:469:LEU;A:473:ASP,,results/docking/analog_panel/T2_benzothiazole/WT/best_rmsd_pose.pdb,results/docking/analog_panel/T2_benzothiazole/WT/T2_benzothiazole_WT_dock.log,results/docking/analog_panel/T2_benzothiazole/WT/T2_benzothiazole_WT_dock_out.sdf,Introduces a softer sulfur-containing fused heteroaryl as a distal bioisostere,Tests whether a slightly more hydrophobic tail is better tolerated near C326Y
T2_benzothiazole,T2 Benzothiazole tail,candidate,6,tail,C326Y,1,-7.488,2.648403903943551,8,1.0,A:318:TYR;A:320:THR;A:466:ARG;A:469:LEU;A:473:ASP;A:501:TYR;A:504:ASP;A:508:PHE,A:64:TYR,results/docking/analog_panel/T2_benzothiazole/C326Y/top_pose.pdb,1,-7.488,2.648403903943551,8,1.0,A:318:TYR;A:320:THR;A:466:ARG;A:469:LEU;A:473:ASP;A:501:TYR;A:504:ASP;A:508:PHE,A:64:TYR,results/docking/analog_panel/T2_benzothiazole/C326Y/best_recovery_pose.pdb,19,-7.008,1.7364066815968136,4,0.5,A:318:TYR;A:466:ARG;A:469:LEU;A:473:ASP,,results/docking/analog_panel/T2_benzothiazole/C326Y/best_rmsd_pose.pdb,results/docking/analog_panel/T2_benzothiazole/C326Y/T2_benzothiazole_C326Y_dock.log,results/docking/analog_panel/T2_benzothiazole/C326Y/T2_benzothiazole_C326Y_dock_out.sdf,Introduces a softer sulfur-containing fused heteroaryl as a distal bioisostere,Tests whether a slightly more hydrophobic tail is better tolerated near C326Y
T2_benzothiazole,T2 Benzothiazole tail,candidate,6,tail,Y64N,1,-7.67,2.052053104959085,4,0.5,A:318:TYR;A:466:ARG;A:469:LEU;A:473:ASP,,results/docking/analog_panel/T2_benzothiazole/Y64N/top_pose.pdb,4,-7.477,2.6948064169920887,8,1.0,A:318:TYR;A:320:THR;A:466:ARG;A:469:LEU;A:473:ASP;A:501:TYR;A:504:ASP;A:508:PHE,A:64:ASN,results/docking/analog_panel/T2_benzothiazole/Y64N/best_recovery_pose.pdb,11,-7.27,1.4735758623752233,4,0.5,A:318:TYR;A:466:ARG;A:469:LEU;A:473:ASP,,results/docking/analog_panel/T2_benzothiazole/Y64N/best_rmsd_pose.pdb,results/docking/analog_panel/T2_benzothiazole/Y64N/T2_benzothiazole_Y64N_dock.log,results/docking/analog_panel/T2_benzothiazole/Y64N/T2_benzothiazole_Y64N_dock_out.sdf,Introduces a softer sulfur-containing fused heteroaryl as a distal bioisostere,Tests whether a slightly more hydrophobic tail is better tolerated near C326Y
T3_n_methyl_benzimidazole,T3 N-methyl benzimidazole tail,candidate,7,tail,WT,1,-7.398,2.710674025191974,8,1.0,A:318:TYR;A:320:THR;A:466:ARG;A:469:LEU;A:473:ASP;A:501:TYR;A:504:ASP;A:508:PHE,A:64:TYR,results/docking/analog_panel/T3_n_methyl_benzimidazole/WT/top_pose.pdb,1,-7.398,2.710674025191974,8,1.0,A:318:TYR;A:320:THR;A:466:ARG;A:469:LEU;A:473:ASP;A:501:TYR;A:504:ASP;A:508:PHE,A:64:TYR,results/docking/analog_panel/T3_n_methyl_benzimidazole/WT/best_recovery_pose.pdb,16,-7.002,1.6732993812880295,4,0.5,A:318:TYR;A:320:THR;A:504:ASP;A:508:PHE,,results/docking/analog_panel/T3_n_methyl_benzimidazole/WT/best_rmsd_pose.pdb,results/docking/analog_panel/T3_n_methyl_benzimidazole/WT/T3_n_methyl_benzimidazole_WT_dock.log,results/docking/analog_panel/T3_n_methyl_benzimidazole/WT/T3_n_methyl_benzimidazole_WT_dock_out.sdf,Blocks the distal benzimidazole NH donor without changing the ring family,Direct donor-removal control at the parent fused tail
T3_n_methyl_benzimidazole,T3 N-methyl benzimidazole tail,candidate,7,tail,C326Y,1,-7.746,2.1827582414863014,7,0.875,A:318:TYR;A:320:THR;A:469:LEU;A:473:ASP;A:501:TYR;A:504:ASP;A:508:PHE,A:64:TYR,results/docking/analog_panel/T3_n_methyl_benzimidazole/C326Y/top_pose.pdb,16,-7.256,1.5963009600138791,8,1.0,A:318:TYR;A:320:THR;A:466:ARG;A:469:LEU;A:473:ASP;A:501:TYR;A:504:ASP;A:508:PHE,A:64:TYR;A:326:TYR,results/docking/analog_panel/T3_n_methyl_benzimidazole/C326Y/best_recovery_pose.pdb,16,-7.256,1.5963009600138791,8,1.0,A:318:TYR;A:320:THR;A:466:ARG;A:469:LEU;A:473:ASP;A:501:TYR;A:504:ASP;A:508:PHE,A:64:TYR;A:326:TYR,results/docking/analog_panel/T3_n_methyl_benzimidazole/C326Y/best_rmsd_pose.pdb,results/docking/analog_panel/T3_n_methyl_benzimidazole/C326Y/T3_n_methyl_benzimidazole_C326Y_dock.log,results/docking/analog_panel/T3_n_methyl_benzimidazole/C326Y/T3_n_methyl_benzimidazole_C326Y_dock_out.sdf,Blocks the distal benzimidazole NH donor without changing the ring family,Direct donor-removal control at the parent fused tail
T3_n_methyl_benzimidazole,T3 N-methyl benzimidazole tail,candidate,7,tail,Y64N,1,-6.933,2.316346295547069,5,0.625,A:318:TYR;A:320:THR;A:466:ARG;A:469:LEU;A:504:ASP,,results/docking/analog_panel/T3_n_methyl_benzimidazole/Y64N/top_pose.pdb,12,-6.676,2.67701557512843,8,1.0,A:318:TYR;A:320:THR;A:466:ARG;A:469:LEU;A:473:ASP;A:501:TYR;A:504:ASP;A:508:PHE,A:64:ASN,results/docking/analog_panel/T3_n_methyl_benzimidazole/Y64N/best_recovery_pose.pdb,13,-6.658,1.5488442362671548,4,0.5,A:318:TYR;A:320:THR;A:466:ARG;A:469:LEU,,results/docking/analog_panel/T3_n_methyl_benzimidazole/Y64N/best_rmsd_pose.pdb,results/docking/analog_panel/T3_n_methyl_benzimidazole/Y64N/T3_n_methyl_benzimidazole_Y64N_dock.log,results/docking/analog_panel/T3_n_methyl_benzimidazole/Y64N/T3_n_methyl_benzimidazole_Y64N_dock_out.sdf,Blocks the distal benzimidazole NH donor without changing the ring family,Direct donor-removal control at the parent fused tail
T4_aza_benzimidazole,T4 Aza-benzimidazole tail,candidate,8,tail,WT,1,-6.474,3.3109689090556964,2,0.25,A:501:TYR;A:508:PHE,A:64:TYR;A:326:CYS,results/docking/analog_panel/T4_aza_benzimidazole/WT/top_pose.pdb,7,-6.176,2.655354714722284,8,1.0,A:318:TYR;A:320:THR;A:466:ARG;A:469:LEU;A:473:ASP;A:501:TYR;A:504:ASP;A:508:PHE,A:64:TYR,results/docking/analog_panel/T4_aza_benzimidazole/WT/best_recovery_pose.pdb,19,-5.845,1.3224288324063571,5,0.625,A:318:TYR;A:320:THR;A:466:ARG;A:469:LEU;A:473:ASP,,results/docking/analog_panel/T4_aza_benzimidazole/WT/best_rmsd_pose.pdb,results/docking/analog_panel/T4_aza_benzimidazole/WT/T4_aza_benzimidazole_WT_dock.log,results/docking/analog_panel/T4_aza_benzimidazole/WT/T4_aza_benzimidazole_WT_dock_out.sdf,Adds one ring nitrogen in the distal fused heteroaryl,Tests whether extra distal polarity helps mutant tolerance especially for C326Y
T4_aza_benzimidazole,T4 Aza-benzimidazole tail,candidate,8,tail,C326Y,1,-7.185,2.712468965625307,4,0.5,A:466:ARG;A:501:TYR;A:504:ASP;A:508:PHE,A:64:TYR;A:326:TYR,results/docking/analog_panel/T4_aza_benzimidazole/C326Y/top_pose.pdb,6,-6.907,2.2525000832409994,7,0.875,A:318:TYR;A:320:THR;A:469:LEU;A:473:ASP;A:501:TYR;A:504:ASP;A:508:PHE,A:64:TYR;A:326:TYR,results/docking/analog_panel/T4_aza_benzimidazole/C326Y/best_recovery_pose.pdb,6,-6.907,2.2525000832409994,7,0.875,A:318:TYR;A:320:THR;A:469:LEU;A:473:ASP;A:501:TYR;A:504:ASP;A:508:PHE,A:64:TYR;A:326:TYR,results/docking/analog_panel/T4_aza_benzimidazole/C326Y/best_rmsd_pose.pdb,results/docking/analog_panel/T4_aza_benzimidazole/C326Y/T4_aza_benzimidazole_C326Y_dock.log,results/docking/analog_panel/T4_aza_benzimidazole/C326Y/T4_aza_benzimidazole_C326Y_dock_out.sdf,Adds one ring nitrogen in the distal fused heteroaryl,Tests whether extra distal polarity helps mutant tolerance especially for C326Y
T4_aza_benzimidazole,T4 Aza-benzimidazole tail,candidate,8,tail,Y64N,1,-6.597,3.3045675212787904,6,0.75,A:318:TYR;A:320:THR;A:466:ARG;A:469:LEU;A:473:ASP;A:504:ASP,,results/docking/analog_panel/T4_aza_benzimidazole/Y64N/top_pose.pdb,9,-6.149,2.826302947466306,7,0.875,A:318:TYR;A:320:THR;A:466:ARG;A:469:LEU;A:473:ASP;A:501:TYR;A:504:ASP,,results/docking/analog_panel/T4_aza_benzimidazole/Y64N/best_recovery_pose.pdb,17,-6.091,1.643900713317065,5,0.625,A:318:TYR;A:320:THR;A:501:TYR;A:504:ASP;A:508:PHE,,results/docking/analog_panel/T4_aza_benzimidazole/Y64N/best_rmsd_pose.pdb,results/docking/analog_panel/T4_aza_benzimidazole/Y64N/T4_aza_benzimidazole_Y64N_dock.log,results/docking/analog_panel/T4_aza_benzimidazole/Y64N/T4_aza_benzimidazole_Y64N_dock_out.sdf,Adds one ring nitrogen in the distal fused heteroaryl,Tests whether extra distal polarity helps mutant tolerance especially for C326Y
L1_tertiary_amine,L1 Tertiary linker amine,candidate,9,linker,WT,1,-8.017,2.1827236114086097,5,0.625,A:318:TYR;A:320:THR;A:466:ARG;A:469:LEU;A:473:ASP,,results/docking/analog_panel/L1_tertiary_amine/WT/top_pose.pdb,13,-7.289,1.8284179631275168,8,1.0,A:318:TYR;A:320:THR;A:466:ARG;A:469:LEU;A:473:ASP;A:501:TYR;A:504:ASP;A:508:PHE,A:64:TYR,results/docking/analog_panel/L1_tertiary_amine/WT/best_recovery_pose.pdb,13,-7.289,1.8284179631275168,8,1.0,A:318:TYR;A:320:THR;A:466:ARG;A:469:LEU;A:473:ASP;A:501:TYR;A:504:ASP;A:508:PHE,A:64:TYR,results/docking/analog_panel/L1_tertiary_amine/WT/best_rmsd_pose.pdb,results/docking/analog_panel/L1_tertiary_amine/WT/L1_tertiary_amine_WT_dock.log,results/docking/analog_panel/L1_tertiary_amine/WT/L1_tertiary_amine_WT_dock_out.sdf,Removes the linker NH donor while keeping a cationic center,Tests whether the protonated linker acts mainly as a charge anchor rather than a donor
L1_tertiary_amine,L1 Tertiary linker amine,candidate,9,linker,C326Y,1,-7.204,3.5259840114188234,5,0.625,A:318:TYR;A:320:THR;A:466:ARG;A:469:LEU;A:473:ASP,,results/docking/analog_panel/L1_tertiary_amine/C326Y/top_pose.pdb,9,-6.763,2.6755716277331643,8,1.0,A:318:TYR;A:320:THR;A:466:ARG;A:469:LEU;A:473:ASP;A:501:TYR;A:504:ASP;A:508:PHE,A:64:TYR,results/docking/analog_panel/L1_tertiary_amine/C326Y/best_recovery_pose.pdb,10,-6.666,1.5973633760149568,7,0.875,A:318:TYR;A:320:THR;A:469:LEU;A:473:ASP;A:501:TYR;A:504:ASP;A:508:PHE,A:64:TYR,results/docking/analog_panel/L1_tertiary_amine/C326Y/best_rmsd_pose.pdb,results/docking/analog_panel/L1_tertiary_amine/C326Y/L1_tertiary_amine_C326Y_dock.log,results/docking/analog_panel/L1_tertiary_amine/C326Y/L1_tertiary_amine_C326Y_dock_out.sdf,Removes the linker NH donor while keeping a cationic center,Tests whether the protonated linker acts mainly as a charge anchor rather than a donor
L1_tertiary_amine,L1 Tertiary linker amine,candidate,9,linker,Y64N,1,-8.06,2.197958513355827,4,0.5,A:318:TYR;A:320:THR;A:466:ARG;A:469:LEU,,results/docking/analog_panel/L1_tertiary_amine/Y64N/top_pose.pdb,16,-7.317,2.1418577275133783,8,1.0,A:318:TYR;A:320:THR;A:466:ARG;A:469:LEU;A:473:ASP;A:501:TYR;A:504:ASP;A:508:PHE,A:64:ASN,results/docking/analog_panel/L1_tertiary_amine/Y64N/best_recovery_pose.pdb,13,-7.375,2.0676082460188,7,0.875,A:318:TYR;A:320:THR;A:469:LEU;A:473:ASP;A:501:TYR;A:504:ASP;A:508:PHE,A:64:ASN,results/docking/analog_panel/L1_tertiary_amine/Y64N/best_rmsd_pose.pdb,results/docking/analog_panel/L1_tertiary_amine/Y64N/L1_tertiary_amine_Y64N_dock.log,results/docking/analog_panel/L1_tertiary_amine/Y64N/L1_tertiary_amine_Y64N_dock_out.sdf,Removes the linker NH donor while keeping a cationic center,Tests whether the protonated linker acts mainly as a charge anchor rather than a donor
C1_thiazole_core,C1 Thiazole core,candidate,10,core,WT,1,-6.512,3.139463775014442,5,0.625,A:318:TYR;A:466:ARG;A:469:LEU;A:473:ASP;A:504:ASP,,results/docking/analog_panel/C1_thiazole_core/WT/top_pose.pdb,9,-6.203,2.466013160806463,8,1.0,A:318:TYR;A:320:THR;A:466:ARG;A:469:LEU;A:473:ASP;A:501:TYR;A:504:ASP;A:508:PHE,A:64:TYR,results/docking/analog_panel/C1_thiazole_core/WT/best_recovery_pose.pdb,12,-6.166,1.737860407882562,5,0.625,A:318:TYR;A:320:THR;A:501:TYR;A:504:ASP;A:508:PHE,A:64:TYR,results/docking/analog_panel/C1_thiazole_core/WT/best_rmsd_pose.pdb,results/docking/analog_panel/C1_thiazole_core/WT/C1_thiazole_core_WT_dock.log,results/docking/analog_panel/C1_thiazole_core/WT/C1_thiazole_core_WT_dock_out.sdf,Core oxygen-to-sulfur isosteric swap,High-risk test of whether the central heteroaryl electronics can shift without losing pose logic
C1_thiazole_core,C1 Thiazole core,candidate,10,core,C326Y,1,-7.435,2.512882696253467,4,0.5,A:318:TYR;A:466:ARG;A:469:LEU;A:504:ASP,,results/docking/analog_panel/C1_thiazole_core/C326Y/top_pose.pdb,14,-7.084,2.571209834422104,8,1.0,A:318:TYR;A:320:THR;A:466:ARG;A:469:LEU;A:473:ASP;A:501:TYR;A:504:ASP;A:508:PHE,A:64:TYR;A:326:TYR,results/docking/analog_panel/C1_thiazole_core/C326Y/best_recovery_pose.pdb,3,-7.294,2.013023214535312,4,0.5,A:318:TYR;A:466:ARG;A:469:LEU;A:473:ASP,A:326:TYR,results/docking/analog_panel/C1_thiazole_core/C326Y/best_rmsd_pose.pdb,results/docking/analog_panel/C1_thiazole_core/C326Y/C1_thiazole_core_C326Y_dock.log,results/docking/analog_panel/C1_thiazole_core/C326Y/C1_thiazole_core_C326Y_dock_out.sdf,Core oxygen-to-sulfur isosteric swap,High-risk test of whether the central heteroaryl electronics can shift without losing pose logic
C1_thiazole_core,C1 Thiazole core,candidate,10,core,Y64N,1,-6.556,3.6788338817476927,4,0.5,A:318:TYR;A:466:ARG;A:469:LEU;A:473:ASP,,results/docking/analog_panel/C1_thiazole_core/Y64N/top_pose.pdb,13,-6.095,3.1124388192768118,7,0.875,A:318:TYR;A:320:THR;A:466:ARG;A:469:LEU;A:473:ASP;A:501:TYR;A:504:ASP,,results/docking/analog_panel/C1_thiazole_core/Y64N/best_recovery_pose.pdb,15,-6.044,1.7745313502958437,5,0.625,A:318:TYR;A:320:THR;A:501:TYR;A:504:ASP;A:508:PHE,A:64:ASN,results/docking/analog_panel/C1_thiazole_core/Y64N/best_rmsd_pose.pdb,results/docking/analog_panel/C1_thiazole_core/Y64N/C1_thiazole_core_Y64N_dock.log,results/docking/analog_panel/C1_thiazole_core/Y64N/C1_thiazole_core_Y64N_dock_out.sdf,Core oxygen-to-sulfur isosteric swap,High-risk test of whether the central heteroaryl electronics can shift without losing pose logic
