state_id,mode_rank,score_kcal_mol,rmsd_to_wt_bound_reference,contact_count,shared_contact_count,reference_contact_recovery,contacts,shared_contacts,novel_contacts,mutation_contacts,pose_pdb
WT,1,-6.835,3.3759955901662706,11,6,0.75,A:40:ARG;A:181:ASP;A:185:ASN;A:318:TYR;A:320:THR;A:325:ASP;A:466:ARG;A:469:LEU;A:470:TRP;A:473:ASP;A:504:ASP,A:318:TYR;A:320:THR;A:466:ARG;A:469:LEU;A:473:ASP;A:504:ASP,A:40:ARG;A:181:ASP;A:185:ASN;A:325:ASP;A:470:TRP,,results/docking/cross_state_benchmark/WT/pose_01.pdb
WT,2,-6.813,3.0966892933415835,10,6,0.75,A:156:ARG;A:318:TYR;A:320:THR;A:466:ARG;A:469:LEU;A:470:TRP;A:473:ASP;A:497:ASN;A:500:ASN;A:504:ASP,A:318:TYR;A:320:THR;A:466:ARG;A:469:LEU;A:473:ASP;A:504:ASP,A:156:ARG;A:470:TRP;A:497:ASN;A:500:ASN,,results/docking/cross_state_benchmark/WT/pose_02.pdb
WT,3,-6.774,2.862184180298609,11,8,1.0,A:318:TYR;A:320:THR;A:323:GLY;A:325:ASP;A:466:ARG;A:469:LEU;A:470:TRP;A:473:ASP;A:501:TYR;A:504:ASP;A:508:PHE,A:318:TYR;A:320:THR;A:466:ARG;A:469:LEU;A:473:ASP;A:501:TYR;A:504:ASP;A:508:PHE,A:323:GLY;A:325:ASP;A:470:TRP,,results/docking/cross_state_benchmark/WT/pose_03.pdb
WT,4,-6.717,3.144387798184058,13,1,0.125,A:40:ARG;A:43:HIS;A:44:PHE;A:47:SER;A:61:THR;A:64:TYR;A:185:ASN;A:189:PRO;A:324:PHE;A:325:ASP;A:326:CYS;A:346:MET;A:508:PHE,A:508:PHE,A:40:ARG;A:43:HIS;A:44:PHE;A:47:SER;A:61:THR;A:64:TYR;A:185:ASN;A:189:PRO;A:324:PHE;A:325:ASP;A:326:CYS;A:346:MET,A:64:TYR;A:326:CYS,results/docking/cross_state_benchmark/WT/pose_04.pdb
WT,5,-6.586,3.256607121944557,10,5,0.625,A:185:ASN;A:318:TYR;A:320:THR;A:323:GLY;A:324:PHE;A:325:ASP;A:466:ARG;A:469:LEU;A:470:TRP;A:504:ASP,A:318:TYR;A:320:THR;A:466:ARG;A:469:LEU;A:504:ASP,A:185:ASN;A:323:GLY;A:324:PHE;A:325:ASP;A:470:TRP,,results/docking/cross_state_benchmark/WT/pose_05.pdb
WT,6,-6.558,2.4719389973194628,12,4,0.5,A:40:ARG;A:43:HIS;A:44:PHE;A:185:ASN;A:189:PRO;A:318:TYR;A:320:THR;A:324:PHE;A:325:ASP;A:346:MET;A:466:ARG;A:504:ASP,A:318:TYR;A:320:THR;A:466:ARG;A:504:ASP,A:40:ARG;A:43:HIS;A:44:PHE;A:185:ASN;A:189:PRO;A:324:PHE;A:325:ASP;A:346:MET,,results/docking/cross_state_benchmark/WT/pose_06.pdb
WT,7,-6.516,3.060169532867275,12,3,0.375,A:40:ARG;A:43:HIS;A:44:PHE;A:47:SER;A:61:THR;A:64:TYR;A:68:VAL;A:144:ASN;A:185:ASN;A:501:TYR;A:504:ASP;A:508:PHE,A:501:TYR;A:504:ASP;A:508:PHE,A:40:ARG;A:43:HIS;A:44:PHE;A:47:SER;A:61:THR;A:64:TYR;A:68:VAL;A:144:ASN;A:185:ASN,A:64:TYR,results/docking/cross_state_benchmark/WT/pose_07.pdb
WT,8,-6.464,2.9685612221875206,11,5,0.625,A:40:ARG;A:178:ARG;A:181:ASP;A:317:LEU;A:318:TYR;A:320:THR;A:325:ASP;A:469:LEU;A:470:TRP;A:473:ASP;A:504:ASP,A:318:TYR;A:320:THR;A:469:LEU;A:473:ASP;A:504:ASP,A:40:ARG;A:178:ARG;A:181:ASP;A:317:LEU;A:325:ASP;A:470:TRP,,results/docking/cross_state_benchmark/WT/pose_08.pdb
WT,9,-6.438,0.9655379542420486,14,7,0.875,A:64:TYR;A:65:GLY;A:68:VAL;A:144:ASN;A:317:LEU;A:318:TYR;A:320:THR;A:325:ASP;A:469:LEU;A:470:TRP;A:473:ASP;A:501:TYR;A:504:ASP;A:508:PHE,A:318:TYR;A:320:THR;A:469:LEU;A:473:ASP;A:501:TYR;A:504:ASP;A:508:PHE,A:64:TYR;A:65:GLY;A:68:VAL;A:144:ASN;A:317:LEU;A:325:ASP;A:470:TRP,A:64:TYR,results/docking/cross_state_benchmark/WT/pose_09.pdb
WT,10,-6.423,2.009694201653358,14,4,0.5,A:40:ARG;A:43:HIS;A:44:PHE;A:185:ASN;A:189:PRO;A:317:LEU;A:318:TYR;A:323:GLY;A:324:PHE;A:325:ASP;A:466:ARG;A:469:LEU;A:470:TRP;A:473:ASP,A:318:TYR;A:466:ARG;A:469:LEU;A:473:ASP,A:40:ARG;A:43:HIS;A:44:PHE;A:185:ASN;A:189:PRO;A:317:LEU;A:323:GLY;A:324:PHE;A:325:ASP;A:470:TRP,,results/docking/cross_state_benchmark/WT/pose_10.pdb
WT,11,-6.321,3.41667047806659,12,3,0.375,A:43:HIS;A:44:PHE;A:47:SER;A:64:TYR;A:68:VAL;A:144:ASN;A:185:ASN;A:325:ASP;A:326:CYS;A:501:TYR;A:504:ASP;A:508:PHE,A:501:TYR;A:504:ASP;A:508:PHE,A:43:HIS;A:44:PHE;A:47:SER;A:64:TYR;A:68:VAL;A:144:ASN;A:185:ASN;A:325:ASP;A:326:CYS,A:64:TYR;A:326:CYS,results/docking/cross_state_benchmark/WT/pose_11.pdb
WT,12,-6.319,2.949579382666981,7,5,0.625,A:317:LEU;A:318:TYR;A:320:THR;A:469:LEU;A:473:ASP;A:497:ASN;A:504:ASP,A:318:TYR;A:320:THR;A:469:LEU;A:473:ASP;A:504:ASP,A:317:LEU;A:497:ASN,,results/docking/cross_state_benchmark/WT/pose_12.pdb
WT,13,-6.302,1.524305109655119,14,8,1.0,A:43:HIS;A:64:TYR;A:68:VAL;A:144:ASN;A:317:LEU;A:318:TYR;A:320:THR;A:466:ARG;A:469:LEU;A:470:TRP;A:473:ASP;A:501:TYR;A:504:ASP;A:508:PHE,A:318:TYR;A:320:THR;A:466:ARG;A:469:LEU;A:473:ASP;A:501:TYR;A:504:ASP;A:508:PHE,A:43:HIS;A:64:TYR;A:68:VAL;A:144:ASN;A:317:LEU;A:470:TRP,A:64:TYR,results/docking/cross_state_benchmark/WT/pose_13.pdb
WT,14,-6.29,2.7934173838467835,10,4,0.5,A:43:HIS;A:64:TYR;A:68:VAL;A:144:ASN;A:318:TYR;A:325:ASP;A:326:CYS;A:501:TYR;A:504:ASP;A:508:PHE,A:318:TYR;A:501:TYR;A:504:ASP;A:508:PHE,A:43:HIS;A:64:TYR;A:68:VAL;A:144:ASN;A:325:ASP;A:326:CYS,A:64:TYR;A:326:CYS,results/docking/cross_state_benchmark/WT/pose_14.pdb
WT,15,-6.269,3.060759434608465,11,3,0.375,A:40:ARG;A:43:HIS;A:44:PHE;A:185:ASN;A:189:PRO;A:318:TYR;A:324:PHE;A:346:MET;A:466:ARG;A:469:LEU;A:470:TRP,A:318:TYR;A:466:ARG;A:469:LEU,A:40:ARG;A:43:HIS;A:44:PHE;A:185:ASN;A:189:PRO;A:324:PHE;A:346:MET;A:470:TRP,,results/docking/cross_state_benchmark/WT/pose_15.pdb
WT,16,-6.181,3.440355642188337,11,5,0.625,A:40:ARG;A:178:ARG;A:181:ASP;A:317:LEU;A:318:TYR;A:320:THR;A:325:ASP;A:466:ARG;A:469:LEU;A:470:TRP;A:473:ASP,A:318:TYR;A:320:THR;A:466:ARG;A:469:LEU;A:473:ASP,A:40:ARG;A:178:ARG;A:181:ASP;A:317:LEU;A:325:ASP;A:470:TRP,,results/docking/cross_state_benchmark/WT/pose_16.pdb
WT,17,-6.167,3.90903990486736,10,6,0.75,A:40:ARG;A:181:ASP;A:318:TYR;A:320:THR;A:325:ASP;A:466:ARG;A:469:LEU;A:470:TRP;A:473:ASP;A:504:ASP,A:318:TYR;A:320:THR;A:466:ARG;A:469:LEU;A:473:ASP;A:504:ASP,A:40:ARG;A:181:ASP;A:325:ASP;A:470:TRP,,results/docking/cross_state_benchmark/WT/pose_17.pdb
WT,18,-6.153,3.141449984231607,11,4,0.5,A:43:HIS;A:64:TYR;A:65:GLY;A:68:VAL;A:144:ASN;A:320:THR;A:325:ASP;A:501:TYR;A:504:ASP;A:507:HIS;A:508:PHE,A:320:THR;A:501:TYR;A:504:ASP;A:508:PHE,A:43:HIS;A:64:TYR;A:65:GLY;A:68:VAL;A:144:ASN;A:325:ASP;A:507:HIS,A:64:TYR,results/docking/cross_state_benchmark/WT/pose_18.pdb
WT,19,-6.092,3.320917366529031,5,3,0.375,A:318:TYR;A:325:ASP;A:466:ARG;A:470:TRP;A:504:ASP,A:318:TYR;A:466:ARG;A:504:ASP,A:325:ASP;A:470:TRP,,results/docking/cross_state_benchmark/WT/pose_19.pdb
C326Y,1,-7.39,3.456857032735715,11,1,0.125,A:43:HIS;A:44:PHE;A:61:THR;A:64:TYR;A:185:ASN;A:189:PRO;A:324:PHE;A:325:ASP;A:326:TYR;A:346:MET;A:508:PHE,A:508:PHE,A:43:HIS;A:44:PHE;A:61:THR;A:64:TYR;A:185:ASN;A:189:PRO;A:324:PHE;A:325:ASP;A:326:TYR;A:346:MET,A:64:TYR;A:326:TYR,results/docking/cross_state_benchmark/C326Y/pose_01.pdb
C326Y,2,-7.03,3.2201892033402846,11,3,0.375,A:40:ARG;A:43:HIS;A:64:TYR;A:68:VAL;A:144:ASN;A:185:ASN;A:318:TYR;A:325:ASP;A:326:TYR;A:504:ASP;A:508:PHE,A:318:TYR;A:504:ASP;A:508:PHE,A:40:ARG;A:43:HIS;A:64:TYR;A:68:VAL;A:144:ASN;A:185:ASN;A:325:ASP;A:326:TYR,A:64:TYR;A:326:TYR,results/docking/cross_state_benchmark/C326Y/pose_02.pdb
C326Y,3,-6.804,2.506780595166058,11,1,0.125,A:40:ARG;A:43:HIS;A:44:PHE;A:61:THR;A:64:TYR;A:189:PRO;A:324:PHE;A:325:ASP;A:326:TYR;A:346:MET;A:508:PHE,A:508:PHE,A:40:ARG;A:43:HIS;A:44:PHE;A:61:THR;A:64:TYR;A:189:PRO;A:324:PHE;A:325:ASP;A:326:TYR;A:346:MET,A:64:TYR;A:326:TYR,results/docking/cross_state_benchmark/C326Y/pose_03.pdb
C326Y,4,-6.793,2.845376543877052,12,7,0.875,A:64:TYR;A:318:TYR;A:320:THR;A:323:GLY;A:325:ASP;A:466:ARG;A:469:LEU;A:470:TRP;A:501:TYR;A:504:ASP;A:507:HIS;A:508:PHE,A:318:TYR;A:320:THR;A:466:ARG;A:469:LEU;A:501:TYR;A:504:ASP;A:508:PHE,A:64:TYR;A:323:GLY;A:325:ASP;A:470:TRP;A:507:HIS,A:64:TYR,results/docking/cross_state_benchmark/C326Y/pose_04.pdb
C326Y,5,-6.781,2.120495546564286,14,4,0.5,A:40:ARG;A:43:HIS;A:44:PHE;A:185:ASN;A:189:PRO;A:318:TYR;A:324:PHE;A:325:ASP;A:326:TYR;A:346:MET;A:466:ARG;A:469:LEU;A:470:TRP;A:473:ASP,A:318:TYR;A:466:ARG;A:469:LEU;A:473:ASP,A:40:ARG;A:43:HIS;A:44:PHE;A:185:ASN;A:189:PRO;A:324:PHE;A:325:ASP;A:326:TYR;A:346:MET;A:470:TRP,A:326:TYR,results/docking/cross_state_benchmark/C326Y/pose_05.pdb
C326Y,6,-6.769,2.217053280386081,14,4,0.5,A:40:ARG;A:43:HIS;A:44:PHE;A:185:ASN;A:189:PRO;A:317:LEU;A:318:TYR;A:324:PHE;A:325:ASP;A:326:TYR;A:466:ARG;A:469:LEU;A:470:TRP;A:473:ASP,A:318:TYR;A:466:ARG;A:469:LEU;A:473:ASP,A:40:ARG;A:43:HIS;A:44:PHE;A:185:ASN;A:189:PRO;A:317:LEU;A:324:PHE;A:325:ASP;A:326:TYR;A:470:TRP,A:326:TYR,results/docking/cross_state_benchmark/C326Y/pose_06.pdb
C326Y,7,-6.741,3.9048437378621434,8,5,0.625,A:185:ASN;A:318:TYR;A:320:THR;A:323:GLY;A:325:ASP;A:466:ARG;A:469:LEU;A:504:ASP,A:318:TYR;A:320:THR;A:466:ARG;A:469:LEU;A:504:ASP,A:185:ASN;A:323:GLY;A:325:ASP,,results/docking/cross_state_benchmark/C326Y/pose_07.pdb
C326Y,8,-6.668,2.3888935137920084,11,3,0.375,A:40:ARG;A:44:PHE;A:185:ASN;A:189:PRO;A:317:LEU;A:318:TYR;A:320:THR;A:324:PHE;A:325:ASP;A:326:TYR;A:469:LEU,A:318:TYR;A:320:THR;A:469:LEU,A:40:ARG;A:44:PHE;A:185:ASN;A:189:PRO;A:317:LEU;A:324:PHE;A:325:ASP;A:326:TYR,A:326:TYR,results/docking/cross_state_benchmark/C326Y/pose_08.pdb
C326Y,9,-6.666,1.9762666545907523,10,1,0.125,A:40:ARG;A:43:HIS;A:44:PHE;A:64:TYR;A:185:ASN;A:189:PRO;A:324:PHE;A:326:TYR;A:346:MET;A:508:PHE,A:508:PHE,A:40:ARG;A:43:HIS;A:44:PHE;A:64:TYR;A:185:ASN;A:189:PRO;A:324:PHE;A:326:TYR;A:346:MET,A:64:TYR;A:326:TYR,results/docking/cross_state_benchmark/C326Y/pose_09.pdb
C326Y,10,-6.664,2.652666064358484,8,5,0.625,A:185:ASN;A:318:TYR;A:325:ASP;A:466:ARG;A:469:LEU;A:470:TRP;A:473:ASP;A:504:ASP,A:318:TYR;A:466:ARG;A:469:LEU;A:473:ASP;A:504:ASP,A:185:ASN;A:325:ASP;A:470:TRP,,results/docking/cross_state_benchmark/C326Y/pose_10.pdb
C326Y,11,-6.66,2.9212139969862885,11,3,0.375,A:40:ARG;A:43:HIS;A:44:PHE;A:64:TYR;A:189:PRO;A:324:PHE;A:325:ASP;A:326:TYR;A:501:TYR;A:504:ASP;A:508:PHE,A:501:TYR;A:504:ASP;A:508:PHE,A:40:ARG;A:43:HIS;A:44:PHE;A:64:TYR;A:189:PRO;A:324:PHE;A:325:ASP;A:326:TYR,A:64:TYR;A:326:TYR,results/docking/cross_state_benchmark/C326Y/pose_11.pdb
C326Y,12,-6.617,3.0523642576223544,13,7,0.875,A:43:HIS;A:64:TYR;A:318:TYR;A:320:THR;A:323:GLY;A:325:ASP;A:326:TYR;A:466:ARG;A:469:LEU;A:470:TRP;A:501:TYR;A:504:ASP;A:508:PHE,A:318:TYR;A:320:THR;A:466:ARG;A:469:LEU;A:501:TYR;A:504:ASP;A:508:PHE,A:43:HIS;A:64:TYR;A:323:GLY;A:325:ASP;A:326:TYR;A:470:TRP,A:64:TYR;A:326:TYR,results/docking/cross_state_benchmark/C326Y/pose_12.pdb
C326Y,13,-6.587,2.985380914529465,11,2,0.25,A:40:ARG;A:43:HIS;A:44:PHE;A:185:ASN;A:189:PRO;A:324:PHE;A:325:ASP;A:326:TYR;A:346:MET;A:504:ASP;A:508:PHE,A:504:ASP;A:508:PHE,A:40:ARG;A:43:HIS;A:44:PHE;A:185:ASN;A:189:PRO;A:324:PHE;A:325:ASP;A:326:TYR;A:346:MET,A:326:TYR,results/docking/cross_state_benchmark/C326Y/pose_13.pdb
C326Y,14,-6.524,2.886237797207231,15,4,0.5,A:43:HIS;A:44:PHE;A:47:SER;A:64:TYR;A:65:GLY;A:68:VAL;A:144:ASN;A:185:ASN;A:189:PRO;A:318:TYR;A:325:ASP;A:326:TYR;A:501:TYR;A:504:ASP;A:508:PHE,A:318:TYR;A:501:TYR;A:504:ASP;A:508:PHE,A:43:HIS;A:44:PHE;A:47:SER;A:64:TYR;A:65:GLY;A:68:VAL;A:144:ASN;A:185:ASN;A:189:PRO;A:325:ASP;A:326:TYR,A:64:TYR;A:326:TYR,results/docking/cross_state_benchmark/C326Y/pose_14.pdb
C326Y,15,-6.512,2.287909328554423,13,5,0.625,A:43:HIS;A:64:TYR;A:65:GLY;A:68:VAL;A:144:ASN;A:317:LEU;A:318:TYR;A:325:ASP;A:469:LEU;A:470:TRP;A:473:ASP;A:504:ASP;A:508:PHE,A:318:TYR;A:469:LEU;A:473:ASP;A:504:ASP;A:508:PHE,A:43:HIS;A:64:TYR;A:65:GLY;A:68:VAL;A:144:ASN;A:317:LEU;A:325:ASP;A:470:TRP,A:64:TYR,results/docking/cross_state_benchmark/C326Y/pose_15.pdb
C326Y,16,-6.504,3.6587471141103443,11,5,0.625,A:40:ARG;A:185:ASN;A:318:TYR;A:320:THR;A:323:GLY;A:324:PHE;A:325:ASP;A:466:ARG;A:469:LEU;A:470:TRP;A:504:ASP,A:318:TYR;A:320:THR;A:466:ARG;A:469:LEU;A:504:ASP,A:40:ARG;A:185:ASN;A:323:GLY;A:324:PHE;A:325:ASP;A:470:TRP,,results/docking/cross_state_benchmark/C326Y/pose_16.pdb
C326Y,17,-6.454,3.0664882374517024,8,0,0.0,A:40:ARG;A:43:HIS;A:44:PHE;A:64:TYR;A:185:ASN;A:189:PRO;A:325:ASP;A:326:TYR,,A:40:ARG;A:43:HIS;A:44:PHE;A:64:TYR;A:185:ASN;A:189:PRO;A:325:ASP;A:326:TYR,A:64:TYR;A:326:TYR,results/docking/cross_state_benchmark/C326Y/pose_17.pdb
C326Y,18,-6.448,2.7829204389498168,11,5,0.625,A:40:ARG;A:178:ARG;A:181:ASP;A:317:LEU;A:318:TYR;A:320:THR;A:325:ASP;A:466:ARG;A:469:LEU;A:470:TRP;A:473:ASP,A:318:TYR;A:320:THR;A:466:ARG;A:469:LEU;A:473:ASP,A:40:ARG;A:178:ARG;A:181:ASP;A:317:LEU;A:325:ASP;A:470:TRP,,results/docking/cross_state_benchmark/C326Y/pose_18.pdb
C326Y,19,-6.44,3.503395536974515,9,4,0.5,A:43:HIS;A:64:TYR;A:68:VAL;A:144:ASN;A:318:TYR;A:326:TYR;A:501:TYR;A:504:ASP;A:508:PHE,A:318:TYR;A:501:TYR;A:504:ASP;A:508:PHE,A:43:HIS;A:64:TYR;A:68:VAL;A:144:ASN;A:326:TYR,A:64:TYR;A:326:TYR,results/docking/cross_state_benchmark/C326Y/pose_19.pdb
C326Y,20,-6.371,2.982529436649753,10,1,0.125,A:40:ARG;A:43:HIS;A:44:PHE;A:64:TYR;A:185:ASN;A:189:PRO;A:324:PHE;A:325:ASP;A:326:TYR;A:508:PHE,A:508:PHE,A:40:ARG;A:43:HIS;A:44:PHE;A:64:TYR;A:185:ASN;A:189:PRO;A:324:PHE;A:325:ASP;A:326:TYR,A:64:TYR;A:326:TYR,results/docking/cross_state_benchmark/C326Y/pose_20.pdb
Y64N,1,-6.871,3.1995384620933542,9,5,0.625,A:156:ARG;A:318:TYR;A:466:ARG;A:469:LEU;A:470:TRP;A:473:ASP;A:497:ASN;A:500:ASN;A:504:ASP,A:318:TYR;A:466:ARG;A:469:LEU;A:473:ASP;A:504:ASP,A:156:ARG;A:470:TRP;A:497:ASN;A:500:ASN,,results/docking/cross_state_benchmark/Y64N/pose_01.pdb
Y64N,2,-6.532,2.26064550214832,13,4,0.5,A:40:ARG;A:44:PHE;A:185:ASN;A:189:PRO;A:317:LEU;A:318:TYR;A:324:PHE;A:325:ASP;A:346:MET;A:466:ARG;A:469:LEU;A:470:TRP;A:473:ASP,A:318:TYR;A:466:ARG;A:469:LEU;A:473:ASP,A:40:ARG;A:44:PHE;A:185:ASN;A:189:PRO;A:317:LEU;A:324:PHE;A:325:ASP;A:346:MET;A:470:TRP,,results/docking/cross_state_benchmark/Y64N/pose_02.pdb
Y64N,3,-6.522,2.559833421145715,14,8,1.0,A:64:ASN;A:65:GLY;A:68:VAL;A:318:TYR;A:320:THR;A:325:ASP;A:466:ARG;A:469:LEU;A:470:TRP;A:473:ASP;A:501:TYR;A:504:ASP;A:507:HIS;A:508:PHE,A:318:TYR;A:320:THR;A:466:ARG;A:469:LEU;A:473:ASP;A:501:TYR;A:504:ASP;A:508:PHE,A:64:ASN;A:65:GLY;A:68:VAL;A:325:ASP;A:470:TRP;A:507:HIS,A:64:ASN,results/docking/cross_state_benchmark/Y64N/pose_03.pdb
Y64N,4,-6.432,3.3036765805228403,10,6,0.75,A:185:ASN;A:318:TYR;A:320:THR;A:323:GLY;A:325:ASP;A:466:ARG;A:469:LEU;A:470:TRP;A:473:ASP;A:504:ASP,A:318:TYR;A:320:THR;A:466:ARG;A:469:LEU;A:473:ASP;A:504:ASP,A:185:ASN;A:323:GLY;A:325:ASP;A:470:TRP,,results/docking/cross_state_benchmark/Y64N/pose_04.pdb
Y64N,5,-6.426,3.1474797896350655,11,5,0.625,A:40:ARG;A:185:ASN;A:318:TYR;A:320:THR;A:323:GLY;A:325:ASP;A:466:ARG;A:469:LEU;A:470:TRP;A:504:ASP;A:507:HIS,A:318:TYR;A:320:THR;A:466:ARG;A:469:LEU;A:504:ASP,A:40:ARG;A:185:ASN;A:323:GLY;A:325:ASP;A:470:TRP;A:507:HIS,,results/docking/cross_state_benchmark/Y64N/pose_05.pdb
Y64N,6,-6.425,3.065528515276591,8,4,0.5,A:40:ARG;A:317:LEU;A:318:TYR;A:320:THR;A:469:LEU;A:470:TRP;A:473:ASP;A:497:ASN,A:318:TYR;A:320:THR;A:469:LEU;A:473:ASP,A:40:ARG;A:317:LEU;A:470:TRP;A:497:ASN,,results/docking/cross_state_benchmark/Y64N/pose_06.pdb
Y64N,7,-6.374,2.714845242462731,10,5,0.625,A:40:ARG;A:156:ARG;A:317:LEU;A:318:TYR;A:320:THR;A:325:ASP;A:469:LEU;A:470:TRP;A:473:ASP;A:504:ASP,A:318:TYR;A:320:THR;A:469:LEU;A:473:ASP;A:504:ASP,A:40:ARG;A:156:ARG;A:317:LEU;A:325:ASP;A:470:TRP,,results/docking/cross_state_benchmark/Y64N/pose_07.pdb
Y64N,8,-6.324,3.0819935440687405,10,6,0.75,A:40:ARG;A:178:ARG;A:181:ASP;A:318:TYR;A:320:THR;A:466:ARG;A:469:LEU;A:470:TRP;A:473:ASP;A:504:ASP,A:318:TYR;A:320:THR;A:466:ARG;A:469:LEU;A:473:ASP;A:504:ASP,A:40:ARG;A:178:ARG;A:181:ASP;A:470:TRP,,results/docking/cross_state_benchmark/Y64N/pose_08.pdb
Y64N,9,-6.321,2.5491968643643452,12,4,0.5,A:40:ARG;A:43:HIS;A:44:PHE;A:185:ASN;A:189:PRO;A:317:LEU;A:318:TYR;A:320:THR;A:324:PHE;A:325:ASP;A:469:LEU;A:473:ASP,A:318:TYR;A:320:THR;A:469:LEU;A:473:ASP,A:40:ARG;A:43:HIS;A:44:PHE;A:185:ASN;A:189:PRO;A:317:LEU;A:324:PHE;A:325:ASP,,results/docking/cross_state_benchmark/Y64N/pose_09.pdb
Y64N,10,-6.287,3.9087606935259167,11,6,0.75,A:40:ARG;A:317:LEU;A:318:TYR;A:320:THR;A:323:GLY;A:325:ASP;A:466:ARG;A:469:LEU;A:470:TRP;A:501:TYR;A:504:ASP,A:318:TYR;A:320:THR;A:466:ARG;A:469:LEU;A:501:TYR;A:504:ASP,A:40:ARG;A:317:LEU;A:323:GLY;A:325:ASP;A:470:TRP,,results/docking/cross_state_benchmark/Y64N/pose_10.pdb
Y64N,11,-6.261,3.5849046479264084,9,0,0.0,A:40:ARG;A:43:HIS;A:44:PHE;A:185:ASN;A:189:PRO;A:324:PHE;A:325:ASP;A:326:CYS;A:346:MET,,A:40:ARG;A:43:HIS;A:44:PHE;A:185:ASN;A:189:PRO;A:324:PHE;A:325:ASP;A:326:CYS;A:346:MET,A:326:CYS,results/docking/cross_state_benchmark/Y64N/pose_11.pdb
Y64N,12,-6.244,2.174677493847467,8,4,0.5,A:318:TYR;A:320:THR;A:323:GLY;A:324:PHE;A:325:ASP;A:466:ARG;A:469:LEU;A:470:TRP,A:318:TYR;A:320:THR;A:466:ARG;A:469:LEU,A:323:GLY;A:324:PHE;A:325:ASP;A:470:TRP,,results/docking/cross_state_benchmark/Y64N/pose_12.pdb
Y64N,13,-6.228,2.9226577715628426,9,7,0.875,A:40:ARG;A:318:TYR;A:320:THR;A:466:ARG;A:469:LEU;A:470:TRP;A:473:ASP;A:501:TYR;A:504:ASP,A:318:TYR;A:320:THR;A:466:ARG;A:469:LEU;A:473:ASP;A:501:TYR;A:504:ASP,A:40:ARG;A:470:TRP,,results/docking/cross_state_benchmark/Y64N/pose_13.pdb
Y64N,14,-6.219,3.0629811919485186,8,4,0.5,A:40:ARG;A:185:ASN;A:318:TYR;A:325:ASP;A:466:ARG;A:469:LEU;A:470:TRP;A:504:ASP,A:318:TYR;A:466:ARG;A:469:LEU;A:504:ASP,A:40:ARG;A:185:ASN;A:325:ASP;A:470:TRP,,results/docking/cross_state_benchmark/Y64N/pose_14.pdb
Y64N,15,-6.211,3.5291400657675998,11,5,0.625,A:40:ARG;A:185:ASN;A:318:TYR;A:320:THR;A:323:GLY;A:324:PHE;A:325:ASP;A:466:ARG;A:469:LEU;A:470:TRP;A:473:ASP,A:318:TYR;A:320:THR;A:466:ARG;A:469:LEU;A:473:ASP,A:40:ARG;A:185:ASN;A:323:GLY;A:324:PHE;A:325:ASP;A:470:TRP,,results/docking/cross_state_benchmark/Y64N/pose_15.pdb
Y64N,16,-6.138,2.8727575201445212,9,6,0.75,A:40:ARG;A:317:LEU;A:318:TYR;A:320:THR;A:469:LEU;A:473:ASP;A:497:ASN;A:501:TYR;A:504:ASP,A:318:TYR;A:320:THR;A:469:LEU;A:473:ASP;A:501:TYR;A:504:ASP,A:40:ARG;A:317:LEU;A:497:ASN,,results/docking/cross_state_benchmark/Y64N/pose_16.pdb
Y64N,17,-6.134,3.4870514283531406,9,5,0.625,A:40:ARG;A:317:LEU;A:318:TYR;A:320:THR;A:323:GLY;A:466:ARG;A:469:LEU;A:470:TRP;A:473:ASP,A:318:TYR;A:320:THR;A:466:ARG;A:469:LEU;A:473:ASP,A:40:ARG;A:317:LEU;A:323:GLY;A:470:TRP,,results/docking/cross_state_benchmark/Y64N/pose_17.pdb
Y64N,18,-6.133,2.602060880493472,11,4,0.5,A:40:ARG;A:43:HIS;A:44:PHE;A:185:ASN;A:189:PRO;A:317:LEU;A:318:TYR;A:469:LEU;A:470:TRP;A:473:ASP;A:504:ASP,A:318:TYR;A:469:LEU;A:473:ASP;A:504:ASP,A:40:ARG;A:43:HIS;A:44:PHE;A:185:ASN;A:189:PRO;A:317:LEU;A:470:TRP,,results/docking/cross_state_benchmark/Y64N/pose_18.pdb
Y64N,19,-6.105,3.229366238282366,8,5,0.625,A:317:LEU;A:318:TYR;A:320:THR;A:325:ASP;A:469:LEU;A:470:TRP;A:473:ASP;A:504:ASP,A:318:TYR;A:320:THR;A:469:LEU;A:473:ASP;A:504:ASP,A:317:LEU;A:325:ASP;A:470:TRP,,results/docking/cross_state_benchmark/Y64N/pose_19.pdb
Y64N,20,-6.064,3.866273147586242,10,4,0.5,A:40:ARG;A:185:ASN;A:318:TYR;A:320:THR;A:323:GLY;A:324:PHE;A:325:ASP;A:466:ARG;A:469:LEU;A:470:TRP,A:318:TYR;A:320:THR;A:466:ARG;A:469:LEU,A:40:ARG;A:185:ASN;A:323:GLY;A:324:PHE;A:325:ASP;A:470:TRP,,results/docking/cross_state_benchmark/Y64N/pose_20.pdb
