state_id,display_name,mode_rank,score_kcal_mol,rmsd_to_reference,contact_count,shared_contact_count,reference_contact_recovery,contacts,shared_contacts,novel_contacts,pose_pdb
current_neutral,Current neutral,1,-6.947,3.298533850661264,9,5,0.5,A:40:ARG;A:178:ARG;A:181:ASP;A:318:TYR;A:320:THR;A:466:ARG;A:469:LEU;A:470:TRP;A:473:ASP,A:318:TYR;A:320:THR;A:466:ARG;A:469:LEU;A:473:ASP,A:40:ARG;A:178:ARG;A:181:ASP;A:470:TRP,results/docking/validation/state_panel/current_neutral/pose_01.pdb
current_neutral,Current neutral,2,-6.912,1.8930826174550512,13,9,0.9,A:64:TYR;A:65:GLY;A:68:VAL;A:317:LEU;A:318:TYR;A:320:THR;A:325:ASP;A:469:LEU;A:473:ASP;A:501:TYR;A:504:ASP;A:507:HIS;A:508:PHE,A:64:TYR;A:68:VAL;A:318:TYR;A:320:THR;A:469:LEU;A:473:ASP;A:501:TYR;A:504:ASP;A:508:PHE,A:65:GLY;A:317:LEU;A:325:ASP;A:507:HIS,results/docking/validation/state_panel/current_neutral/pose_02.pdb
current_neutral,Current neutral,3,-6.828,3.270243075317676,12,5,0.5,A:185:ASN;A:317:LEU;A:318:TYR;A:320:THR;A:323:GLY;A:324:PHE;A:325:ASP;A:466:ARG;A:469:LEU;A:470:TRP;A:504:ASP;A:507:HIS,A:318:TYR;A:320:THR;A:466:ARG;A:469:LEU;A:504:ASP,A:185:ASN;A:317:LEU;A:323:GLY;A:324:PHE;A:325:ASP;A:470:TRP;A:507:HIS,results/docking/validation/state_panel/current_neutral/pose_03.pdb
current_neutral,Current neutral,4,-6.745,3.0811286778150353,9,5,0.5,A:178:ARG;A:314:LEU;A:317:LEU;A:318:TYR;A:320:THR;A:469:LEU;A:470:TRP;A:473:ASP;A:504:ASP,A:318:TYR;A:320:THR;A:469:LEU;A:473:ASP;A:504:ASP,A:178:ARG;A:314:LEU;A:317:LEU;A:470:TRP,results/docking/validation/state_panel/current_neutral/pose_04.pdb
current_neutral,Current neutral,5,-6.709,2.391073057202995,12,8,0.8,A:318:TYR;A:320:THR;A:323:GLY;A:325:ASP;A:466:ARG;A:469:LEU;A:470:TRP;A:473:ASP;A:501:TYR;A:504:ASP;A:507:HIS;A:508:PHE,A:318:TYR;A:320:THR;A:466:ARG;A:469:LEU;A:473:ASP;A:501:TYR;A:504:ASP;A:508:PHE,A:323:GLY;A:325:ASP;A:470:TRP;A:507:HIS,results/docking/validation/state_panel/current_neutral/pose_05.pdb
current_neutral,Current neutral,6,-6.698,3.2243551646454924,13,4,0.4,A:40:ARG;A:43:HIS;A:44:PHE;A:47:SER;A:61:THR;A:64:TYR;A:65:GLY;A:68:VAL;A:185:ASN;A:189:PRO;A:325:ASP;A:504:ASP;A:508:PHE,A:64:TYR;A:68:VAL;A:504:ASP;A:508:PHE,A:40:ARG;A:43:HIS;A:44:PHE;A:47:SER;A:61:THR;A:65:GLY;A:185:ASN;A:189:PRO;A:325:ASP,results/docking/validation/state_panel/current_neutral/pose_06.pdb
current_neutral,Current neutral,7,-6.679,3.4834992626173866,11,5,0.5,A:40:ARG;A:185:ASN;A:318:TYR;A:320:THR;A:323:GLY;A:324:PHE;A:325:ASP;A:466:ARG;A:469:LEU;A:470:TRP;A:473:ASP,A:318:TYR;A:320:THR;A:466:ARG;A:469:LEU;A:473:ASP,A:40:ARG;A:185:ASN;A:323:GLY;A:324:PHE;A:325:ASP;A:470:TRP,results/docking/validation/state_panel/current_neutral/pose_07.pdb
current_neutral,Current neutral,8,-6.659,3.1861350260887558,10,4,0.4,A:40:ARG;A:178:ARG;A:181:ASP;A:185:ASN;A:318:TYR;A:320:THR;A:325:ASP;A:469:LEU;A:470:TRP;A:473:ASP,A:318:TYR;A:320:THR;A:469:LEU;A:473:ASP,A:40:ARG;A:178:ARG;A:181:ASP;A:185:ASN;A:325:ASP;A:470:TRP,results/docking/validation/state_panel/current_neutral/pose_08.pdb
current_neutral,Current neutral,9,-6.633,3.677465576385383,11,6,0.6,A:185:ASN;A:317:LEU;A:318:TYR;A:320:THR;A:323:GLY;A:325:ASP;A:466:ARG;A:469:LEU;A:470:TRP;A:473:ASP;A:504:ASP,A:318:TYR;A:320:THR;A:466:ARG;A:469:LEU;A:473:ASP;A:504:ASP,A:185:ASN;A:317:LEU;A:323:GLY;A:325:ASP;A:470:TRP,results/docking/validation/state_panel/current_neutral/pose_09.pdb
current_neutral,Current neutral,10,-6.625,2.644829949308014,10,4,0.4,A:185:ASN;A:186:ILE;A:318:TYR;A:320:THR;A:323:GLY;A:324:PHE;A:325:ASP;A:346:MET;A:469:LEU;A:473:ASP,A:318:TYR;A:320:THR;A:469:LEU;A:473:ASP,A:185:ASN;A:186:ILE;A:323:GLY;A:324:PHE;A:325:ASP;A:346:MET,results/docking/validation/state_panel/current_neutral/pose_10.pdb
current_neutral,Current neutral,11,-6.556,1.560244212910665,11,8,0.8,A:64:TYR;A:65:GLY;A:68:VAL;A:318:TYR;A:320:THR;A:325:ASP;A:469:LEU;A:470:TRP;A:501:TYR;A:504:ASP;A:508:PHE,A:64:TYR;A:68:VAL;A:318:TYR;A:320:THR;A:469:LEU;A:501:TYR;A:504:ASP;A:508:PHE,A:65:GLY;A:325:ASP;A:470:TRP,results/docking/validation/state_panel/current_neutral/pose_11.pdb
current_neutral,Current neutral,12,-6.543,3.180292336572586,7,5,0.5,A:318:TYR;A:320:THR;A:323:GLY;A:325:ASP;A:466:ARG;A:501:TYR;A:504:ASP,A:318:TYR;A:320:THR;A:466:ARG;A:501:TYR;A:504:ASP,A:323:GLY;A:325:ASP,results/docking/validation/state_panel/current_neutral/pose_12.pdb
current_neutral,Current neutral,13,-6.535,3.948392712340226,10,5,0.5,A:185:ASN;A:318:TYR;A:320:THR;A:323:GLY;A:324:PHE;A:325:ASP;A:466:ARG;A:469:LEU;A:470:TRP;A:504:ASP,A:318:TYR;A:320:THR;A:466:ARG;A:469:LEU;A:504:ASP,A:185:ASN;A:323:GLY;A:324:PHE;A:325:ASP;A:470:TRP,results/docking/validation/state_panel/current_neutral/pose_13.pdb
current_neutral,Current neutral,14,-6.529,2.9118246123966456,12,8,0.8,A:64:TYR;A:65:GLY;A:68:VAL;A:318:TYR;A:320:THR;A:323:GLY;A:325:ASP;A:469:LEU;A:501:TYR;A:504:ASP;A:507:HIS;A:508:PHE,A:64:TYR;A:68:VAL;A:318:TYR;A:320:THR;A:469:LEU;A:501:TYR;A:504:ASP;A:508:PHE,A:65:GLY;A:323:GLY;A:325:ASP;A:507:HIS,results/docking/validation/state_panel/current_neutral/pose_14.pdb
current_neutral,Current neutral,15,-6.495,3.8562306185990067,10,5,0.5,A:40:ARG;A:317:LEU;A:318:TYR;A:320:THR;A:323:GLY;A:325:ASP;A:466:ARG;A:469:LEU;A:470:TRP;A:504:ASP,A:318:TYR;A:320:THR;A:466:ARG;A:469:LEU;A:504:ASP,A:40:ARG;A:317:LEU;A:323:GLY;A:325:ASP;A:470:TRP,results/docking/validation/state_panel/current_neutral/pose_15.pdb
current_neutral,Current neutral,16,-6.42,3.2656862566244733,13,6,0.6,A:40:ARG;A:185:ASN;A:318:TYR;A:320:THR;A:323:GLY;A:324:PHE;A:325:ASP;A:466:ARG;A:469:LEU;A:470:TRP;A:473:ASP;A:504:ASP;A:507:HIS,A:318:TYR;A:320:THR;A:466:ARG;A:469:LEU;A:473:ASP;A:504:ASP,A:40:ARG;A:185:ASN;A:323:GLY;A:324:PHE;A:325:ASP;A:470:TRP;A:507:HIS,results/docking/validation/state_panel/current_neutral/pose_16.pdb
current_neutral,Current neutral,17,-6.386,2.426212076682213,11,3,0.3,A:40:ARG;A:151:ALA;A:155:GLN;A:156:ARG;A:178:ARG;A:317:LEU;A:318:TYR;A:469:LEU;A:470:TRP;A:473:ASP;A:497:ASN,A:318:TYR;A:469:LEU;A:473:ASP,A:40:ARG;A:151:ALA;A:155:GLN;A:156:ARG;A:178:ARG;A:317:LEU;A:470:TRP;A:497:ASN,results/docking/validation/state_panel/current_neutral/pose_17.pdb
current_neutral,Current neutral,18,-6.345,2.140270307009086,12,5,0.5,A:40:ARG;A:44:PHE;A:185:ASN;A:189:PRO;A:317:LEU;A:318:TYR;A:320:THR;A:324:PHE;A:325:ASP;A:466:ARG;A:469:LEU;A:473:ASP,A:318:TYR;A:320:THR;A:466:ARG;A:469:LEU;A:473:ASP,A:40:ARG;A:44:PHE;A:185:ASN;A:189:PRO;A:317:LEU;A:324:PHE;A:325:ASP,results/docking/validation/state_panel/current_neutral/pose_18.pdb
current_neutral,Current neutral,19,-6.285,2.6171263636543487,11,4,0.4,A:40:ARG;A:43:HIS;A:44:PHE;A:189:PRO;A:318:TYR;A:324:PHE;A:325:ASP;A:466:ARG;A:469:LEU;A:470:TRP;A:473:ASP,A:318:TYR;A:466:ARG;A:469:LEU;A:473:ASP,A:40:ARG;A:43:HIS;A:44:PHE;A:189:PRO;A:324:PHE;A:325:ASP;A:470:TRP,results/docking/validation/state_panel/current_neutral/pose_19.pdb
current_neutral,Current neutral,20,-6.165,3.138151206789986,9,6,0.6,A:40:ARG;A:185:ASN;A:318:TYR;A:320:THR;A:466:ARG;A:469:LEU;A:470:TRP;A:473:ASP;A:504:ASP,A:318:TYR;A:320:THR;A:466:ARG;A:469:LEU;A:473:ASP;A:504:ASP,A:40:ARG;A:185:ASN;A:470:TRP,results/docking/validation/state_panel/current_neutral/pose_20.pdb
current_linker_protonated,Current linker-protonated,1,-7.436,3.4351087373253915,13,6,0.6,A:40:ARG;A:185:ASN;A:317:LEU;A:318:TYR;A:320:THR;A:323:GLY;A:325:ASP;A:466:ARG;A:469:LEU;A:470:TRP;A:473:ASP;A:504:ASP;A:507:HIS,A:318:TYR;A:320:THR;A:466:ARG;A:469:LEU;A:473:ASP;A:504:ASP,A:40:ARG;A:185:ASN;A:317:LEU;A:323:GLY;A:325:ASP;A:470:TRP;A:507:HIS,results/docking/validation/state_panel/current_linker_protonated/pose_01.pdb
current_linker_protonated,Current linker-protonated,2,-7.436,3.027025881786589,13,5,0.5,A:40:ARG;A:43:HIS;A:44:PHE;A:47:SER;A:61:THR;A:64:TYR;A:65:GLY;A:68:VAL;A:189:PRO;A:325:ASP;A:501:TYR;A:504:ASP;A:508:PHE,A:64:TYR;A:68:VAL;A:501:TYR;A:504:ASP;A:508:PHE,A:40:ARG;A:43:HIS;A:44:PHE;A:47:SER;A:61:THR;A:65:GLY;A:189:PRO;A:325:ASP,results/docking/validation/state_panel/current_linker_protonated/pose_02.pdb
current_linker_protonated,Current linker-protonated,3,-7.385,3.859643462403448,9,6,0.6,A:40:ARG;A:318:TYR;A:320:THR;A:323:GLY;A:466:ARG;A:469:LEU;A:470:TRP;A:473:ASP;A:504:ASP,A:318:TYR;A:320:THR;A:466:ARG;A:469:LEU;A:473:ASP;A:504:ASP,A:40:ARG;A:323:GLY;A:470:TRP,results/docking/validation/state_panel/current_linker_protonated/pose_03.pdb
current_linker_protonated,Current linker-protonated,4,-7.375,3.262586247802443,10,5,0.5,A:40:ARG;A:178:ARG;A:181:ASP;A:185:ASN;A:318:TYR;A:320:THR;A:466:ARG;A:469:LEU;A:470:TRP;A:473:ASP,A:318:TYR;A:320:THR;A:466:ARG;A:469:LEU;A:473:ASP,A:40:ARG;A:178:ARG;A:181:ASP;A:185:ASN;A:470:TRP,results/docking/validation/state_panel/current_linker_protonated/pose_04.pdb
current_linker_protonated,Current linker-protonated,5,-7.291,3.6306777529192282,11,5,0.5,A:40:ARG;A:181:ASP;A:185:ASN;A:317:LEU;A:318:TYR;A:320:THR;A:323:GLY;A:466:ARG;A:469:LEU;A:470:TRP;A:473:ASP,A:318:TYR;A:320:THR;A:466:ARG;A:469:LEU;A:473:ASP,A:40:ARG;A:181:ASP;A:185:ASN;A:317:LEU;A:323:GLY;A:470:TRP,results/docking/validation/state_panel/current_linker_protonated/pose_05.pdb
current_linker_protonated,Current linker-protonated,6,-7.259,2.3513436979422377,12,9,0.9,A:64:TYR;A:65:GLY;A:68:VAL;A:318:TYR;A:325:ASP;A:466:ARG;A:469:LEU;A:470:TRP;A:473:ASP;A:501:TYR;A:504:ASP;A:508:PHE,A:64:TYR;A:68:VAL;A:318:TYR;A:466:ARG;A:469:LEU;A:473:ASP;A:501:TYR;A:504:ASP;A:508:PHE,A:65:GLY;A:325:ASP;A:470:TRP,results/docking/validation/state_panel/current_linker_protonated/pose_06.pdb
current_linker_protonated,Current linker-protonated,7,-7.134,3.002620199498739,7,5,0.5,A:318:TYR;A:320:THR;A:325:ASP;A:466:ARG;A:469:LEU;A:504:ASP;A:507:HIS,A:318:TYR;A:320:THR;A:466:ARG;A:469:LEU;A:504:ASP,A:325:ASP;A:507:HIS,results/docking/validation/state_panel/current_linker_protonated/pose_07.pdb
current_linker_protonated,Current linker-protonated,8,-7.075,3.0771037200895597,10,6,0.6,A:318:TYR;A:320:THR;A:323:GLY;A:325:ASP;A:466:ARG;A:469:LEU;A:470:TRP;A:473:ASP;A:504:ASP;A:507:HIS,A:318:TYR;A:320:THR;A:466:ARG;A:469:LEU;A:473:ASP;A:504:ASP,A:323:GLY;A:325:ASP;A:470:TRP;A:507:HIS,results/docking/validation/state_panel/current_linker_protonated/pose_08.pdb
current_linker_protonated,Current linker-protonated,9,-7.069,2.3500794804675524,10,4,0.4,A:43:HIS;A:44:PHE;A:185:ASN;A:189:PRO;A:318:TYR;A:320:THR;A:324:PHE;A:325:ASP;A:469:LEU;A:473:ASP,A:318:TYR;A:320:THR;A:469:LEU;A:473:ASP,A:43:HIS;A:44:PHE;A:185:ASN;A:189:PRO;A:324:PHE;A:325:ASP,results/docking/validation/state_panel/current_linker_protonated/pose_09.pdb
current_linker_protonated,Current linker-protonated,10,-7.048,3.1707132264019595,8,4,0.4,A:40:ARG;A:318:TYR;A:320:THR;A:323:GLY;A:325:ASP;A:466:ARG;A:469:LEU;A:470:TRP,A:318:TYR;A:320:THR;A:466:ARG;A:469:LEU,A:40:ARG;A:323:GLY;A:325:ASP;A:470:TRP,results/docking/validation/state_panel/current_linker_protonated/pose_10.pdb
current_linker_protonated,Current linker-protonated,11,-7.041,2.6088382387410616,13,10,1.0,A:64:TYR;A:65:GLY;A:68:VAL;A:318:TYR;A:320:THR;A:325:ASP;A:466:ARG;A:469:LEU;A:470:TRP;A:473:ASP;A:501:TYR;A:504:ASP;A:508:PHE,A:64:TYR;A:68:VAL;A:318:TYR;A:320:THR;A:466:ARG;A:469:LEU;A:473:ASP;A:501:TYR;A:504:ASP;A:508:PHE,A:65:GLY;A:325:ASP;A:470:TRP,results/docking/validation/state_panel/current_linker_protonated/pose_11.pdb
current_linker_protonated,Current linker-protonated,12,-7.026,2.0295018994196847,13,10,1.0,A:64:TYR;A:65:GLY;A:68:VAL;A:318:TYR;A:320:THR;A:325:ASP;A:466:ARG;A:469:LEU;A:470:TRP;A:473:ASP;A:501:TYR;A:504:ASP;A:508:PHE,A:64:TYR;A:68:VAL;A:318:TYR;A:320:THR;A:466:ARG;A:469:LEU;A:473:ASP;A:501:TYR;A:504:ASP;A:508:PHE,A:65:GLY;A:325:ASP;A:470:TRP,results/docking/validation/state_panel/current_linker_protonated/pose_12.pdb
current_linker_protonated,Current linker-protonated,13,-7.015,3.7697477352139264,10,6,0.6,A:317:LEU;A:318:TYR;A:320:THR;A:323:GLY;A:324:PHE;A:325:ASP;A:466:ARG;A:469:LEU;A:473:ASP;A:504:ASP,A:318:TYR;A:320:THR;A:466:ARG;A:469:LEU;A:473:ASP;A:504:ASP,A:317:LEU;A:323:GLY;A:324:PHE;A:325:ASP,results/docking/validation/state_panel/current_linker_protonated/pose_13.pdb
current_linker_protonated,Current linker-protonated,14,-6.999,3.3727952333954367,11,6,0.6,A:185:ASN;A:317:LEU;A:318:TYR;A:320:THR;A:323:GLY;A:325:ASP;A:466:ARG;A:469:LEU;A:470:TRP;A:473:ASP;A:504:ASP,A:318:TYR;A:320:THR;A:466:ARG;A:469:LEU;A:473:ASP;A:504:ASP,A:185:ASN;A:317:LEU;A:323:GLY;A:325:ASP;A:470:TRP,results/docking/validation/state_panel/current_linker_protonated/pose_14.pdb
current_linker_protonated,Current linker-protonated,15,-6.909,2.76768163682155,13,6,0.6,A:40:ARG;A:43:HIS;A:44:PHE;A:47:SER;A:64:TYR;A:65:GLY;A:68:VAL;A:185:ASN;A:318:TYR;A:325:ASP;A:501:TYR;A:504:ASP;A:508:PHE,A:64:TYR;A:68:VAL;A:318:TYR;A:501:TYR;A:504:ASP;A:508:PHE,A:40:ARG;A:43:HIS;A:44:PHE;A:47:SER;A:65:GLY;A:185:ASN;A:325:ASP,results/docking/validation/state_panel/current_linker_protonated/pose_15.pdb
current_linker_protonated,Current linker-protonated,16,-6.784,2.3861463553784423,14,4,0.4,A:40:ARG;A:43:HIS;A:44:PHE;A:185:ASN;A:189:PRO;A:314:LEU;A:317:LEU;A:318:TYR;A:323:GLY;A:324:PHE;A:325:ASP;A:466:ARG;A:469:LEU;A:473:ASP,A:318:TYR;A:466:ARG;A:469:LEU;A:473:ASP,A:40:ARG;A:43:HIS;A:44:PHE;A:185:ASN;A:189:PRO;A:314:LEU;A:317:LEU;A:323:GLY;A:324:PHE;A:325:ASP,results/docking/validation/state_panel/current_linker_protonated/pose_16.pdb
current_linker_protonated,Current linker-protonated,17,-6.725,2.2994227583356186,13,4,0.4,A:39:ASP;A:40:ARG;A:147:SER;A:151:ALA;A:155:GLN;A:156:ARG;A:178:ARG;A:181:ASP;A:317:LEU;A:318:TYR;A:320:THR;A:469:LEU;A:473:ASP,A:318:TYR;A:320:THR;A:469:LEU;A:473:ASP,A:39:ASP;A:40:ARG;A:147:SER;A:151:ALA;A:155:GLN;A:156:ARG;A:178:ARG;A:181:ASP;A:317:LEU,results/docking/validation/state_panel/current_linker_protonated/pose_17.pdb
current_linker_protonated,Current linker-protonated,18,-6.661,3.038392317623465,5,4,0.4,A:318:TYR;A:320:THR;A:469:LEU;A:470:TRP;A:473:ASP,A:318:TYR;A:320:THR;A:469:LEU;A:473:ASP,A:470:TRP,results/docking/validation/state_panel/current_linker_protonated/pose_18.pdb
current_linker_protonated,Current linker-protonated,19,-6.646,1.1084828110544243,13,9,0.9,A:64:TYR;A:65:GLY;A:68:VAL;A:185:ASN;A:317:LEU;A:318:TYR;A:320:THR;A:325:ASP;A:469:LEU;A:473:ASP;A:501:TYR;A:504:ASP;A:508:PHE,A:64:TYR;A:68:VAL;A:318:TYR;A:320:THR;A:469:LEU;A:473:ASP;A:501:TYR;A:504:ASP;A:508:PHE,A:65:GLY;A:185:ASN;A:317:LEU;A:325:ASP,results/docking/validation/state_panel/current_linker_protonated/pose_19.pdb
current_linker_protonated,Current linker-protonated,20,-6.629,2.9320115505526667,9,4,0.4,A:40:ARG;A:156:ARG;A:181:ASP;A:318:TYR;A:320:THR;A:469:LEU;A:470:TRP;A:473:ASP;A:497:ASN,A:318:TYR;A:320:THR;A:469:LEU;A:473:ASP,A:40:ARG;A:156:ARG;A:181:ASP;A:470:TRP;A:497:ASN,results/docking/validation/state_panel/current_linker_protonated/pose_20.pdb
alt_tautomer_neutral,Alternative tautomer neutral,1,-7.404,3.2148697429759547,11,5,0.5,A:317:LEU;A:318:TYR;A:320:THR;A:323:GLY;A:324:PHE;A:325:ASP;A:466:ARG;A:469:LEU;A:470:TRP;A:504:ASP;A:507:HIS,A:318:TYR;A:320:THR;A:466:ARG;A:469:LEU;A:504:ASP,A:317:LEU;A:323:GLY;A:324:PHE;A:325:ASP;A:470:TRP;A:507:HIS,results/docking/validation/state_panel/alt_tautomer_neutral/pose_01.pdb
alt_tautomer_neutral,Alternative tautomer neutral,2,-7.048,3.885416992589272,10,5,0.5,A:40:ARG;A:185:ASN;A:318:TYR;A:320:THR;A:323:GLY;A:325:ASP;A:466:ARG;A:469:LEU;A:470:TRP;A:504:ASP,A:318:TYR;A:320:THR;A:466:ARG;A:469:LEU;A:504:ASP,A:40:ARG;A:185:ASN;A:323:GLY;A:325:ASP;A:470:TRP,results/docking/validation/state_panel/alt_tautomer_neutral/pose_02.pdb
alt_tautomer_neutral,Alternative tautomer neutral,3,-6.995,3.448776201278861,13,6,0.6,A:40:ARG;A:181:ASP;A:185:ASN;A:317:LEU;A:318:TYR;A:320:THR;A:323:GLY;A:325:ASP;A:466:ARG;A:469:LEU;A:470:TRP;A:473:ASP;A:504:ASP,A:318:TYR;A:320:THR;A:466:ARG;A:469:LEU;A:473:ASP;A:504:ASP,A:40:ARG;A:181:ASP;A:185:ASN;A:317:LEU;A:323:GLY;A:325:ASP;A:470:TRP,results/docking/validation/state_panel/alt_tautomer_neutral/pose_03.pdb
alt_tautomer_neutral,Alternative tautomer neutral,4,-6.747,3.7265332190761447,12,6,0.6,A:40:ARG;A:185:ASN;A:317:LEU;A:318:TYR;A:320:THR;A:323:GLY;A:324:PHE;A:466:ARG;A:469:LEU;A:470:TRP;A:473:ASP;A:504:ASP,A:318:TYR;A:320:THR;A:466:ARG;A:469:LEU;A:473:ASP;A:504:ASP,A:40:ARG;A:185:ASN;A:317:LEU;A:323:GLY;A:324:PHE;A:470:TRP,results/docking/validation/state_panel/alt_tautomer_neutral/pose_04.pdb
alt_tautomer_neutral,Alternative tautomer neutral,5,-6.732,4.0296733186275695,12,6,0.6,A:185:ASN;A:318:TYR;A:320:THR;A:323:GLY;A:324:PHE;A:325:ASP;A:466:ARG;A:469:LEU;A:470:TRP;A:504:ASP;A:507:HIS;A:508:PHE,A:318:TYR;A:320:THR;A:466:ARG;A:469:LEU;A:504:ASP;A:508:PHE,A:185:ASN;A:323:GLY;A:324:PHE;A:325:ASP;A:470:TRP;A:507:HIS,results/docking/validation/state_panel/alt_tautomer_neutral/pose_05.pdb
alt_tautomer_neutral,Alternative tautomer neutral,6,-6.711,3.6888131912708904,10,5,0.5,A:40:ARG;A:185:ASN;A:317:LEU;A:318:TYR;A:320:THR;A:323:GLY;A:466:ARG;A:469:LEU;A:470:TRP;A:473:ASP,A:318:TYR;A:320:THR;A:466:ARG;A:469:LEU;A:473:ASP,A:40:ARG;A:185:ASN;A:317:LEU;A:323:GLY;A:470:TRP,results/docking/validation/state_panel/alt_tautomer_neutral/pose_06.pdb
alt_tautomer_neutral,Alternative tautomer neutral,7,-6.68,2.6217801370799565,9,4,0.4,A:147:SER;A:148:THR;A:151:ALA;A:318:TYR;A:469:LEU;A:470:TRP;A:473:ASP;A:497:ASN;A:501:TYR,A:318:TYR;A:469:LEU;A:473:ASP;A:501:TYR,A:147:SER;A:148:THR;A:151:ALA;A:470:TRP;A:497:ASN,results/docking/validation/state_panel/alt_tautomer_neutral/pose_07.pdb
alt_tautomer_neutral,Alternative tautomer neutral,8,-6.66,2.4663029517558157,9,5,0.5,A:185:ASN;A:186:ILE;A:318:TYR;A:320:THR;A:324:PHE;A:346:MET;A:466:ARG;A:469:LEU;A:473:ASP,A:318:TYR;A:320:THR;A:466:ARG;A:469:LEU;A:473:ASP,A:185:ASN;A:186:ILE;A:324:PHE;A:346:MET,results/docking/validation/state_panel/alt_tautomer_neutral/pose_08.pdb
alt_tautomer_neutral,Alternative tautomer neutral,9,-6.651,3.112866717529553,9,5,0.5,A:40:ARG;A:317:LEU;A:318:TYR;A:320:THR;A:323:GLY;A:466:ARG;A:469:LEU;A:470:TRP;A:473:ASP,A:318:TYR;A:320:THR;A:466:ARG;A:469:LEU;A:473:ASP,A:40:ARG;A:317:LEU;A:323:GLY;A:470:TRP,results/docking/validation/state_panel/alt_tautomer_neutral/pose_09.pdb
alt_tautomer_neutral,Alternative tautomer neutral,10,-6.626,2.6737696000783013,14,9,0.9,A:64:TYR;A:65:GLY;A:68:VAL;A:318:TYR;A:320:THR;A:323:GLY;A:324:PHE;A:325:ASP;A:466:ARG;A:469:LEU;A:501:TYR;A:504:ASP;A:507:HIS;A:508:PHE,A:64:TYR;A:68:VAL;A:318:TYR;A:320:THR;A:466:ARG;A:469:LEU;A:501:TYR;A:504:ASP;A:508:PHE,A:65:GLY;A:323:GLY;A:324:PHE;A:325:ASP;A:507:HIS,results/docking/validation/state_panel/alt_tautomer_neutral/pose_10.pdb
alt_tautomer_neutral,Alternative tautomer neutral,11,-6.525,2.3275906302001905,15,10,1.0,A:64:TYR;A:65:GLY;A:68:VAL;A:317:LEU;A:318:TYR;A:320:THR;A:323:GLY;A:325:ASP;A:466:ARG;A:469:LEU;A:470:TRP;A:473:ASP;A:501:TYR;A:504:ASP;A:508:PHE,A:64:TYR;A:68:VAL;A:318:TYR;A:320:THR;A:466:ARG;A:469:LEU;A:473:ASP;A:501:TYR;A:504:ASP;A:508:PHE,A:65:GLY;A:317:LEU;A:323:GLY;A:325:ASP;A:470:TRP,results/docking/validation/state_panel/alt_tautomer_neutral/pose_11.pdb
alt_tautomer_neutral,Alternative tautomer neutral,12,-6.524,2.8612089839364625,12,3,0.3,A:40:ARG;A:151:ALA;A:155:GLN;A:156:ARG;A:178:ARG;A:181:ASP;A:314:LEU;A:318:TYR;A:469:LEU;A:470:TRP;A:473:ASP;A:497:ASN,A:318:TYR;A:469:LEU;A:473:ASP,A:40:ARG;A:151:ALA;A:155:GLN;A:156:ARG;A:178:ARG;A:181:ASP;A:314:LEU;A:470:TRP;A:497:ASN,results/docking/validation/state_panel/alt_tautomer_neutral/pose_12.pdb
alt_tautomer_neutral,Alternative tautomer neutral,13,-6.478,3.0266345678423816,9,4,0.4,A:155:GLN;A:156:ARG;A:178:ARG;A:181:ASP;A:318:TYR;A:320:THR;A:469:LEU;A:470:TRP;A:473:ASP,A:318:TYR;A:320:THR;A:469:LEU;A:473:ASP,A:155:GLN;A:156:ARG;A:178:ARG;A:181:ASP;A:470:TRP,results/docking/validation/state_panel/alt_tautomer_neutral/pose_13.pdb
alt_tautomer_neutral,Alternative tautomer neutral,14,-6.47,2.84787088894896,11,5,0.5,A:40:ARG;A:178:ARG;A:181:ASP;A:185:ASN;A:318:TYR;A:320:THR;A:325:ASP;A:466:ARG;A:469:LEU;A:470:TRP;A:473:ASP,A:318:TYR;A:320:THR;A:466:ARG;A:469:LEU;A:473:ASP,A:40:ARG;A:178:ARG;A:181:ASP;A:185:ASN;A:325:ASP;A:470:TRP,results/docking/validation/state_panel/alt_tautomer_neutral/pose_14.pdb
alt_tautomer_neutral,Alternative tautomer neutral,15,-6.413,2.566526094255,10,6,0.6,A:185:ASN;A:318:TYR;A:320:THR;A:323:GLY;A:324:PHE;A:325:ASP;A:466:ARG;A:469:LEU;A:473:ASP;A:504:ASP,A:318:TYR;A:320:THR;A:466:ARG;A:469:LEU;A:473:ASP;A:504:ASP,A:185:ASN;A:323:GLY;A:324:PHE;A:325:ASP,results/docking/validation/state_panel/alt_tautomer_neutral/pose_15.pdb
alt_tautomer_neutral,Alternative tautomer neutral,16,-6.364,2.9142978623873614,10,5,0.5,A:40:ARG;A:178:ARG;A:181:ASP;A:185:ASN;A:318:TYR;A:320:THR;A:466:ARG;A:469:LEU;A:470:TRP;A:473:ASP,A:318:TYR;A:320:THR;A:466:ARG;A:469:LEU;A:473:ASP,A:40:ARG;A:178:ARG;A:181:ASP;A:185:ASN;A:470:TRP,results/docking/validation/state_panel/alt_tautomer_neutral/pose_16.pdb
alt_tautomer_neutral,Alternative tautomer neutral,17,-6.339,2.459730297651069,11,5,0.5,A:39:ASP;A:40:ARG;A:43:HIS;A:144:ASN;A:318:TYR;A:469:LEU;A:470:TRP;A:473:ASP;A:497:ASN;A:501:TYR;A:504:ASP,A:318:TYR;A:469:LEU;A:473:ASP;A:501:TYR;A:504:ASP,A:39:ASP;A:40:ARG;A:43:HIS;A:144:ASN;A:470:TRP;A:497:ASN,results/docking/validation/state_panel/alt_tautomer_neutral/pose_17.pdb
alt_tautomer_neutral,Alternative tautomer neutral,18,-6.221,2.6542730959749807,12,5,0.5,A:40:ARG;A:43:HIS;A:44:PHE;A:47:SER;A:64:TYR;A:68:VAL;A:144:ASN;A:185:ASN;A:325:ASP;A:501:TYR;A:504:ASP;A:508:PHE,A:64:TYR;A:68:VAL;A:501:TYR;A:504:ASP;A:508:PHE,A:40:ARG;A:43:HIS;A:44:PHE;A:47:SER;A:144:ASN;A:185:ASN;A:325:ASP,results/docking/validation/state_panel/alt_tautomer_neutral/pose_18.pdb
alt_tautomer_neutral,Alternative tautomer neutral,19,-6.179,2.682805596813111,9,5,0.5,A:151:ALA;A:155:GLN;A:318:TYR;A:320:THR;A:469:LEU;A:470:TRP;A:473:ASP;A:497:ASN;A:501:TYR,A:318:TYR;A:320:THR;A:469:LEU;A:473:ASP;A:501:TYR,A:151:ALA;A:155:GLN;A:470:TRP;A:497:ASN,results/docking/validation/state_panel/alt_tautomer_neutral/pose_19.pdb
alt_tautomer_neutral,Alternative tautomer neutral,20,-6.132,2.5539061996271766,11,7,0.7,A:64:TYR;A:65:GLY;A:318:TYR;A:320:THR;A:325:ASP;A:469:LEU;A:470:TRP;A:473:ASP;A:504:ASP;A:507:HIS;A:508:PHE,A:64:TYR;A:318:TYR;A:320:THR;A:469:LEU;A:473:ASP;A:504:ASP;A:508:PHE,A:65:GLY;A:325:ASP;A:470:TRP;A:507:HIS,results/docking/validation/state_panel/alt_tautomer_neutral/pose_20.pdb
alt_tautomer_linker_protonated,Alternative tautomer linker-protonated,1,-7.682,3.5163339348534177,12,6,0.6,A:40:ARG;A:185:ASN;A:314:LEU;A:318:TYR;A:320:THR;A:323:GLY;A:325:ASP;A:466:ARG;A:469:LEU;A:473:ASP;A:504:ASP;A:507:HIS,A:318:TYR;A:320:THR;A:466:ARG;A:469:LEU;A:473:ASP;A:504:ASP,A:40:ARG;A:185:ASN;A:314:LEU;A:323:GLY;A:325:ASP;A:507:HIS,results/docking/validation/state_panel/alt_tautomer_linker_protonated/pose_01.pdb
alt_tautomer_linker_protonated,Alternative tautomer linker-protonated,2,-7.517,4.0214859606357,12,6,0.6,A:185:ASN;A:318:TYR;A:320:THR;A:323:GLY;A:324:PHE;A:325:ASP;A:466:ARG;A:469:LEU;A:470:TRP;A:504:ASP;A:507:HIS;A:508:PHE,A:318:TYR;A:320:THR;A:466:ARG;A:469:LEU;A:504:ASP;A:508:PHE,A:185:ASN;A:323:GLY;A:324:PHE;A:325:ASP;A:470:TRP;A:507:HIS,results/docking/validation/state_panel/alt_tautomer_linker_protonated/pose_02.pdb
alt_tautomer_linker_protonated,Alternative tautomer linker-protonated,3,-7.461,3.098671592066137,10,5,0.5,A:317:LEU;A:318:TYR;A:320:THR;A:323:GLY;A:324:PHE;A:325:ASP;A:466:ARG;A:469:LEU;A:504:ASP;A:507:HIS,A:318:TYR;A:320:THR;A:466:ARG;A:469:LEU;A:504:ASP,A:317:LEU;A:323:GLY;A:324:PHE;A:325:ASP;A:507:HIS,results/docking/validation/state_panel/alt_tautomer_linker_protonated/pose_03.pdb
alt_tautomer_linker_protonated,Alternative tautomer linker-protonated,4,-7.438,3.0808868366197353,7,5,0.5,A:156:ARG;A:318:TYR;A:320:THR;A:469:LEU;A:473:ASP;A:497:ASN;A:504:ASP,A:318:TYR;A:320:THR;A:469:LEU;A:473:ASP;A:504:ASP,A:156:ARG;A:497:ASN,results/docking/validation/state_panel/alt_tautomer_linker_protonated/pose_04.pdb
alt_tautomer_linker_protonated,Alternative tautomer linker-protonated,5,-7.428,2.3089159193182236,13,9,0.9,A:64:TYR;A:65:GLY;A:68:VAL;A:318:TYR;A:320:THR;A:323:GLY;A:325:ASP;A:469:LEU;A:473:ASP;A:501:TYR;A:504:ASP;A:507:HIS;A:508:PHE,A:64:TYR;A:68:VAL;A:318:TYR;A:320:THR;A:469:LEU;A:473:ASP;A:501:TYR;A:504:ASP;A:508:PHE,A:65:GLY;A:323:GLY;A:325:ASP;A:507:HIS,results/docking/validation/state_panel/alt_tautomer_linker_protonated/pose_05.pdb
alt_tautomer_linker_protonated,Alternative tautomer linker-protonated,6,-7.336,3.5434867561629013,10,5,0.5,A:40:ARG;A:185:ASN;A:317:LEU;A:318:TYR;A:320:THR;A:325:ASP;A:466:ARG;A:469:LEU;A:470:TRP;A:473:ASP,A:318:TYR;A:320:THR;A:466:ARG;A:469:LEU;A:473:ASP,A:40:ARG;A:185:ASN;A:317:LEU;A:325:ASP;A:470:TRP,results/docking/validation/state_panel/alt_tautomer_linker_protonated/pose_06.pdb
alt_tautomer_linker_protonated,Alternative tautomer linker-protonated,7,-7.192,3.360152999518277,10,6,0.6,A:317:LEU;A:318:TYR;A:320:THR;A:323:GLY;A:325:ASP;A:466:ARG;A:469:LEU;A:470:TRP;A:473:ASP;A:504:ASP,A:318:TYR;A:320:THR;A:466:ARG;A:469:LEU;A:473:ASP;A:504:ASP,A:317:LEU;A:323:GLY;A:325:ASP;A:470:TRP,results/docking/validation/state_panel/alt_tautomer_linker_protonated/pose_07.pdb
alt_tautomer_linker_protonated,Alternative tautomer linker-protonated,8,-7.176,2.6223266937621403,10,5,0.5,A:43:HIS;A:44:PHE;A:185:ASN;A:189:PRO;A:318:TYR;A:320:THR;A:324:PHE;A:466:ARG;A:469:LEU;A:473:ASP,A:318:TYR;A:320:THR;A:466:ARG;A:469:LEU;A:473:ASP,A:43:HIS;A:44:PHE;A:185:ASN;A:189:PRO;A:324:PHE,results/docking/validation/state_panel/alt_tautomer_linker_protonated/pose_08.pdb
alt_tautomer_linker_protonated,Alternative tautomer linker-protonated,9,-7.174,2.496646477283858,14,10,1.0,A:64:TYR;A:68:VAL;A:318:TYR;A:320:THR;A:323:GLY;A:324:PHE;A:325:ASP;A:466:ARG;A:469:LEU;A:470:TRP;A:473:ASP;A:501:TYR;A:504:ASP;A:508:PHE,A:64:TYR;A:68:VAL;A:318:TYR;A:320:THR;A:466:ARG;A:469:LEU;A:473:ASP;A:501:TYR;A:504:ASP;A:508:PHE,A:323:GLY;A:324:PHE;A:325:ASP;A:470:TRP,results/docking/validation/state_panel/alt_tautomer_linker_protonated/pose_09.pdb
alt_tautomer_linker_protonated,Alternative tautomer linker-protonated,10,-7.169,2.8006771718860985,12,5,0.5,A:148:THR;A:151:ALA;A:155:GLN;A:314:LEU;A:317:LEU;A:318:TYR;A:466:ARG;A:469:LEU;A:470:TRP;A:473:ASP;A:497:ASN;A:501:TYR,A:318:TYR;A:466:ARG;A:469:LEU;A:473:ASP;A:501:TYR,A:148:THR;A:151:ALA;A:155:GLN;A:314:LEU;A:317:LEU;A:470:TRP;A:497:ASN,results/docking/validation/state_panel/alt_tautomer_linker_protonated/pose_10.pdb
alt_tautomer_linker_protonated,Alternative tautomer linker-protonated,11,-7.088,3.266600930721591,10,5,0.5,A:40:ARG;A:178:ARG;A:181:ASP;A:318:TYR;A:320:THR;A:325:ASP;A:466:ARG;A:469:LEU;A:470:TRP;A:473:ASP,A:318:TYR;A:320:THR;A:466:ARG;A:469:LEU;A:473:ASP,A:40:ARG;A:178:ARG;A:181:ASP;A:325:ASP;A:470:TRP,results/docking/validation/state_panel/alt_tautomer_linker_protonated/pose_11.pdb
alt_tautomer_linker_protonated,Alternative tautomer linker-protonated,12,-7.039,2.693417474583641,13,7,0.7,A:43:HIS;A:46:VAL;A:47:SER;A:61:THR;A:64:TYR;A:318:TYR;A:320:THR;A:325:ASP;A:466:ARG;A:469:LEU;A:504:ASP;A:507:HIS;A:508:PHE,A:64:TYR;A:318:TYR;A:320:THR;A:466:ARG;A:469:LEU;A:504:ASP;A:508:PHE,A:43:HIS;A:46:VAL;A:47:SER;A:61:THR;A:325:ASP;A:507:HIS,results/docking/validation/state_panel/alt_tautomer_linker_protonated/pose_12.pdb
alt_tautomer_linker_protonated,Alternative tautomer linker-protonated,13,-7.031,1.9585948400098308,14,2,0.2,A:40:ARG;A:43:HIS;A:44:PHE;A:46:VAL;A:61:THR;A:64:TYR;A:182:GLN;A:185:ASN;A:186:ILE;A:324:PHE;A:325:ASP;A:346:MET;A:349:SER;A:466:ARG,A:64:TYR;A:466:ARG,A:40:ARG;A:43:HIS;A:44:PHE;A:46:VAL;A:61:THR;A:182:GLN;A:185:ASN;A:186:ILE;A:324:PHE;A:325:ASP;A:346:MET;A:349:SER,results/docking/validation/state_panel/alt_tautomer_linker_protonated/pose_13.pdb
alt_tautomer_linker_protonated,Alternative tautomer linker-protonated,14,-7.027,2.744250118899657,10,7,0.7,A:318:TYR;A:325:ASP;A:466:ARG;A:469:LEU;A:470:TRP;A:473:ASP;A:501:TYR;A:504:ASP;A:507:HIS;A:508:PHE,A:318:TYR;A:466:ARG;A:469:LEU;A:473:ASP;A:501:TYR;A:504:ASP;A:508:PHE,A:325:ASP;A:470:TRP;A:507:HIS,results/docking/validation/state_panel/alt_tautomer_linker_protonated/pose_14.pdb
alt_tautomer_linker_protonated,Alternative tautomer linker-protonated,15,-7.02,1.0523056941696265,12,9,0.9,A:64:TYR;A:65:GLY;A:68:VAL;A:317:LEU;A:318:TYR;A:320:THR;A:325:ASP;A:469:LEU;A:473:ASP;A:501:TYR;A:504:ASP;A:508:PHE,A:64:TYR;A:68:VAL;A:318:TYR;A:320:THR;A:469:LEU;A:473:ASP;A:501:TYR;A:504:ASP;A:508:PHE,A:65:GLY;A:317:LEU;A:325:ASP,results/docking/validation/state_panel/alt_tautomer_linker_protonated/pose_15.pdb
alt_tautomer_linker_protonated,Alternative tautomer linker-protonated,16,-6.958,3.111677138565475,6,5,0.5,A:318:TYR;A:320:THR;A:469:LEU;A:473:ASP;A:497:ASN;A:501:TYR,A:318:TYR;A:320:THR;A:469:LEU;A:473:ASP;A:501:TYR,A:497:ASN,results/docking/validation/state_panel/alt_tautomer_linker_protonated/pose_16.pdb
alt_tautomer_linker_protonated,Alternative tautomer linker-protonated,17,-6.941,2.162593926875629,14,10,1.0,A:64:TYR;A:68:VAL;A:144:ASN;A:318:TYR;A:320:THR;A:325:ASP;A:466:ARG;A:469:LEU;A:470:TRP;A:473:ASP;A:501:TYR;A:504:ASP;A:507:HIS;A:508:PHE,A:64:TYR;A:68:VAL;A:318:TYR;A:320:THR;A:466:ARG;A:469:LEU;A:473:ASP;A:501:TYR;A:504:ASP;A:508:PHE,A:144:ASN;A:325:ASP;A:470:TRP;A:507:HIS,results/docking/validation/state_panel/alt_tautomer_linker_protonated/pose_17.pdb
alt_tautomer_linker_protonated,Alternative tautomer linker-protonated,18,-6.931,2.6571392429404557,12,5,0.5,A:40:ARG;A:317:LEU;A:318:TYR;A:320:THR;A:323:GLY;A:324:PHE;A:325:ASP;A:469:LEU;A:470:TRP;A:473:ASP;A:504:ASP;A:507:HIS,A:318:TYR;A:320:THR;A:469:LEU;A:473:ASP;A:504:ASP,A:40:ARG;A:317:LEU;A:323:GLY;A:324:PHE;A:325:ASP;A:470:TRP;A:507:HIS,results/docking/validation/state_panel/alt_tautomer_linker_protonated/pose_18.pdb
alt_tautomer_linker_protonated,Alternative tautomer linker-protonated,19,-6.902,3.045421685594339,10,6,0.6,A:185:ASN;A:318:TYR;A:320:THR;A:323:GLY;A:325:ASP;A:466:ARG;A:469:LEU;A:470:TRP;A:473:ASP;A:504:ASP,A:318:TYR;A:320:THR;A:466:ARG;A:469:LEU;A:473:ASP;A:504:ASP,A:185:ASN;A:323:GLY;A:325:ASP;A:470:TRP,results/docking/validation/state_panel/alt_tautomer_linker_protonated/pose_19.pdb
alt_tautomer_linker_protonated,Alternative tautomer linker-protonated,20,-6.874,1.989182467862382,13,4,0.4,A:40:ARG;A:43:HIS;A:44:PHE;A:185:ASN;A:189:PRO;A:318:TYR;A:324:PHE;A:325:ASP;A:346:MET;A:466:ARG;A:469:LEU;A:470:TRP;A:473:ASP,A:318:TYR;A:466:ARG;A:469:LEU;A:473:ASP,A:40:ARG;A:43:HIS;A:44:PHE;A:185:ASN;A:189:PRO;A:324:PHE;A:325:ASP;A:346:MET;A:470:TRP,results/docking/validation/state_panel/alt_tautomer_linker_protonated/pose_20.pdb
